ID,Name,Age,Marks,Grade
1,David,21,67.48,D
2,Rachel,25,76.05,D
3,Mike,21,60.47,F
4,Sara,22,82.85,B
5,Alice,21,98.41,C
6,Mike,20,83.43,B
7,John,19,59.11,A
8,Sara,21,57.79,D
9,Mike,23,75.46,C
10,Tom,22,98.7,B
11,Nina,22,62.69,F
12,John,24,94.99,F
13,Nina,21,79.91,A
14,James,20,92.6,F
15,Rachel,20,61.62,B
16,James,19,52.8,A
17,Rachel,20,52.25,D
18,Tom,25,67.91,D
19,Emma,20,72.53,F
20,Nina,23,87.12,A
21,Mike,25,59.36,B
22,Emma,24,83.06,F
23,James,20,67.4,A
24,Nina,22,51.72,C
25,Mike,24,73.8,C
26,Sara,23,70.19,B
27,Mike,20,83.14,C
28,Alice,21,67.95,D
29,Rachel,24,58.0,A
30,Sara,18,73.05,D
31,Rachel,18,50.09,B
32,John,19,60.23,B
33,Mike,24,56.33,C
34,Alice,21,97.32,F
35,James,21,59.24,A
36,Emma,23,54.4,A
37,Alice,23,83.4,A
38,Tom,20,99.62,B
39,Tom,19,97.9,C
40,Nina,21,77.52,A
41,James,19,77.34,C
42,Rachel,24,89.65,D
43,James,18,75.34,A
44,David,22,54.73,D
45,David,20,60.69,C
46,Mike,22,90.01,F
47,James,24,60.52,C
48,Sara,23,97.23,F
49,John,18,99.71,D
50,Tom,25,98.43,B
51,Emma,22,56.33,F
52,Nina,19,76.58,C
53,Rachel,23,64.09,D
54,Alice,19,99.15,C
55,Emma,19,76.33,D
56,Emma,25,52.46,D
57,Sara,23,95.51,C
58,James,19,65.9,A
59,Mike,22,59.04,D
60,James,22,80.85,F
61,James,19,64.16,D
62,Rachel,19,64.25,A
63,James,21,56.88,A
64,Nina,18,98.31,B
65,Emma,25,98.32,A
66,James,23,73.3,F
67,Mike,21,72.26,C
68,Emma,23,81.45,A
69,Sara,22,55.53,F
70,Emma,22,98.4,D
71,David,18,63.53,A
72,John,24,67.23,B
73,James,21,59.44,D
74,Rachel,19,67.95,B
75,John,22,61.34,A
76,Tom,22,52.37,B
77,Nina,25,79.22,B
78,Sara,19,56.11,C
79,David,21,81.83,C
80,Mike,22,50.06,B
81,David,22,88.57,A
82,Alice,22,88.16,D
83,Rachel,23,95.34,F
84,Emma,19,96.25,F
85,James,20,61.11,A
86,James,19,89.65,C
87,Emma,19,57.4,A
88,Rachel,19,94.27,A
89,David,19,80.74,F
90,Tom,25,80.12,D
91,Alice,21,92.77,D
92,Alice,18,75.52,A
93,John,20,92.17,F
94,Nina,22,98.37,C
95,Alice,19,70.73,F
96,Mike,21,68.54,D
97,James,25,94.42,D
98,Rachel,21,92.15,B
99,John,20,63.35,C
100,Tom,22,66.1,F
101,David,24,59.33,A
102,Emma,20,92.11,D
103,Rachel,22,86.95,D
104,Tom,18,63.14,F
105,Tom,24,55.52,F
106,Alice,23,75.61,C
107,Alice,19,59.15,C
108,David,22,93.17,D
109,James,23,98.11,C
110,Sara,18,53.11,C
111,Sara,24,95.61,F
112,Alice,23,57.01,D
113,James,25,53.42,C
114,Mike,21,87.06,A
115,Alice,19,73.17,F
116,Sara,20,67.64,F
117,Mike,18,90.72,A
118,Mike,25,74.72,D
119,Mike,25,53.24,F
120,John,19,73.09,C
121,Nina,25,87.08,B
122,Mike,20,85.38,B
123,Emma,21,99.91,A
124,James,23,51.1,D
125,James,20,63.86,C
126,Tom,20,82.66,F
127,Rachel,23,92.67,A
128,Rachel,19,55.64,B
129,Rachel,23,58.64,F
130,Tom,20,96.96,A
131,David,22,64.26,B
132,Sara,21,79.99,F
133,Mike,19,55.81,F
134,John,20,73.86,C
135,John,20,82.09,A
136,Nina,25,57.57,A
137,Tom,22,73.4,D
138,David,23,94.39,B
139,David,22,78.05,A
140,Emma,23,57.86,C
141,Mike,25,63.83,C
142,Emma,23,81.73,C
143,Emma,24,73.43,A
144,Rachel,24,90.66,F
145,Nina,19,95.36,F
146,Emma,25,91.39,F
147,Tom,21,60.24,A
148,Tom,19,72.53,F
149,Sara,21,64.79,D
150,Tom,25,61.6,D
151,Rachel,25,96.56,C
152,Alice,18,66.61,B
153,Nina,25,69.04,B
154,Emma,24,62.95,C
155,Emma,18,84.28,C
156,Rachel,19,94.24,F
157,John,23,86.66,F
158,James,25,50.28,A
159,Tom,20,89.92,F
160,John,25,56.69,B
161,James,24,80.29,D
162,James,19,96.43,F
163,Tom,21,80.59,A
164,Emma,18,51.04,F
165,Mike,25,54.33,F
166,Alice,21,60.7,F
167,John,24,64.84,D
168,John,24,74.05,C
169,Nina,20,61.9,F
170,Sara,22,82.91,C
171,Sara,24,67.92,A
172,Mike,21,87.65,C
173,Sara,20,70.56,F
174,Nina,21,76.29,A
175,Emma,18,52.75,D
176,Alice,20,99.63,B
177,David,23,66.11,D
178,John,23,65.35,B
179,Emma,25,95.18,A
180,Alice,22,86.23,D
181,James,22,63.33,F
182,Mike,19,63.39,D
183,Rachel,18,86.71,D
184,Alice,23,91.14,C
185,Mike,18,59.26,B
186,Sara,25,52.2,B
187,Sara,20,53.2,A
188,Sara,23,66.97,B
189,Mike,24,59.23,A
190,Rachel,24,65.62,B
191,David,18,55.1,B
192,James,23,63.71,D
193,John,18,98.02,F
194,Nina,22,77.28,A
195,Emma,19,73.9,A
196,James,18,94.2,F
197,John,19,66.0,B
198,James,21,77.23,A
199,James,22,65.94,C
200,James,21,72.42,F
201,Alice,19,69.39,C
202,Sara,23,91.35,F
203,Mike,23,98.84,F
204,David,24,93.42,C
205,Nina,20,84.93,A
206,James,22,92.46,F
207,Rachel,20,59.27,C
208,Alice,22,54.57,C
209,Tom,24,88.91,C
210,Mike,19,62.26,C
211,Nina,21,92.18,A
212,James,21,61.83,C
213,Nina,19,65.33,D
214,Rachel,25,85.19,C
215,Emma,21,69.86,D
216,Rachel,24,99.59,A
217,John,18,69.32,B
218,Emma,22,95.2,F
219,David,24,55.91,A
220,Tom,24,55.97,A
221,Tom,24,97.21,B
222,Alice,21,81.67,F
223,Tom,21,73.45,B
224,Sara,25,52.79,D
225,Rachel,19,66.8,D
226,James,19,91.74,B
227,David,20,75.27,A
228,Tom,18,94.63,A
229,James,20,70.07,C
230,Tom,23,68.05,F
231,Alice,19,98.57,F
232,John,21,60.45,B
233,David,20,90.55,C
234,Mike,19,91.42,A
235,John,24,66.23,D
236,Alice,21,67.86,D
237,David,23,85.63,D
238,David,25,77.17,F
239,Sara,24,93.5,D
240,Mike,22,55.84,D
241,Emma,25,53.56,B
242,Rachel,25,67.1,F
243,Alice,25,90.86,B
244,Sara,20,90.93,A
245,David,24,51.65,D
246,Nina,18,95.72,C
247,Rachel,25,52.9,B
248,Alice,20,68.29,C
249,Sara,24,82.95,C
250,Emma,24,58.2,B
251,David,19,58.92,B
252,John,25,86.62,A
253,Sara,25,66.24,B
254,David,19,56.67,C
255,Emma,18,86.21,A
256,Mike,25,64.32,F
257,David,21,99.63,D
258,Sara,23,97.81,D
259,James,24,61.96,F
260,Tom,24,80.95,D
261,Emma,18,84.99,D
262,Sara,23,77.33,D
263,Mike,19,99.95,F
264,David,22,67.01,D
265,David,22,90.31,C
266,David,24,98.35,A
267,Sara,20,83.23,C
268,James,21,68.18,D
269,Sara,19,87.96,B
270,Sara,24,56.9,F
271,David,22,52.53,C
272,Emma,23,76.65,D
273,James,23,72.86,F
274,Alice,25,85.18,F
275,Tom,18,85.76,B
276,John,18,87.0,F
277,John,19,58.61,F
278,Rachel,22,68.9,C
279,James,19,60.57,B
280,Tom,18,71.67,C
281,Mike,21,65.11,C
282,John,20,74.2,F
283,Nina,22,63.8,C
284,Mike,25,96.34,C
285,Alice,18,82.11,A
286,James,19,68.92,B
287,Tom,24,81.12,F
288,Tom,23,68.48,C
289,James,20,94.51,C
290,John,21,78.34,B
291,James,23,67.44,C
292,Tom,23,83.61,F
293,James,25,88.46,D
294,Tom,23,96.97,F
295,Rachel,24,85.12,D
296,David,22,76.91,A
297,Tom,19,66.37,F
298,John,22,59.25,D
299,Emma,23,62.11,D
300,Mike,24,85.27,D
301,James,24,87.42,A
302,Mike,23,62.03,A
303,James,23,73.93,F
304,Alice,19,69.3,A
305,Alice,20,61.39,B
306,Mike,19,64.84,D
307,Emma,23,50.7,A
308,David,25,77.93,A
309,John,22,97.12,B
310,Nina,20,52.37,C
311,James,21,51.43,A
312,James,19,84.43,C
313,Mike,21,91.37,C
314,Rachel,20,80.24,F
315,Rachel,25,76.4,C
316,Mike,22,93.43,B
317,Alice,25,87.76,D
318,Rachel,25,79.93,F
319,Sara,20,58.53,F
320,Mike,23,51.1,C
321,Mike,24,77.47,F
322,John,23,66.83,C
323,James,23,66.61,A
324,James,23,92.37,D
325,David,18,84.05,A
326,Alice,19,62.47,A
327,Nina,23,60.8,C
328,James,24,95.72,B
329,Emma,22,72.32,F
330,John,19,91.93,B
331,Emma,21,86.37,A
332,Nina,24,84.39,A
333,Alice,22,71.27,A
334,John,25,57.01,F
335,John,20,68.14,C
336,Sara,25,56.82,F
337,Emma,22,93.54,B
338,Sara,19,60.14,C
339,Sara,24,78.33,D
340,Nina,19,76.15,B
341,Tom,23,53.26,F
342,Tom,18,53.99,C
343,Rachel,19,82.74,B
344,Emma,23,52.63,B
345,Mike,18,55.02,B
346,Sara,19,90.35,B
347,Nina,24,66.32,C
348,Sara,18,85.55,C
349,Sara,25,81.99,C
350,David,18,77.08,D
351,Sara,22,83.92,C
352,James,25,95.62,B
353,Nina,19,76.71,C
354,Tom,23,77.88,A
355,Sara,22,60.49,A
356,Rachel,18,55.63,F
357,Mike,18,77.01,D
358,Alice,24,81.6,A
359,Mike,20,91.67,B
360,John,18,53.32,A
361,Alice,20,85.94,F
362,Sara,21,88.63,C
363,Alice,20,65.9,D
364,Mike,21,67.61,B
365,David,24,67.67,F
366,Mike,25,68.67,B
367,Tom,21,97.86,D
368,Rachel,21,96.42,F
369,Sara,19,52.33,D
370,David,19,58.34,D
371,David,24,94.74,F
372,Rachel,19,77.76,C
373,Emma,24,97.99,D
374,Emma,19,78.47,C
375,David,19,60.53,B
376,David,19,69.7,C
377,Rachel,22,80.81,D
378,James,18,79.35,F
379,James,20,68.01,A
380,Tom,21,91.81,F
381,Sara,25,95.26,C
382,John,21,74.69,C
383,Rachel,20,93.12,C
384,Mike,19,50.07,D
385,Alice,22,76.8,A
386,Mike,21,79.49,D
387,David,20,65.08,D
388,Nina,23,58.42,D
389,James,22,59.16,F
390,Alice,22,87.54,D
391,David,19,82.81,B
392,James,20,89.56,B
393,Rachel,18,74.67,D
394,Emma,21,77.55,A
395,Nina,22,75.26,F
396,John,20,86.5,A
397,Nina,22,70.87,B
398,David,25,94.95,A
399,Alice,25,53.2,B
400,Sara,19,66.59,D
401,David,21,82.66,B
402,Nina,18,88.69,D
403,Sara,21,72.15,F
404,Tom,22,51.25,F
405,Nina,24,91.92,A
406,Alice,23,58.73,D
407,Sara,20,67.44,D
408,Sara,20,96.29,D
409,John,19,94.66,C
410,Tom,22,55.04,F
411,James,22,96.65,F
412,James,18,67.57,A
413,Alice,21,73.69,B
414,John,24,65.19,C
415,Emma,18,86.57,B
416,John,18,97.22,F
417,James,25,93.62,A
418,Sara,24,81.42,B
419,Sara,25,72.61,B
420,John,19,63.58,D
421,Alice,20,92.31,B
422,Emma,21,71.32,F
423,Mike,23,69.73,C
424,David,21,95.98,F
425,Sara,25,66.12,C
426,Nina,21,90.93,F
427,Alice,21,96.48,A
428,Tom,20,84.76,D
429,Alice,19,83.55,D
430,David,22,66.49,B
431,Tom,19,84.03,F
432,Sara,20,90.57,B
433,Alice,19,60.55,C
434,James,22,90.78,A
435,David,20,56.64,C
436,Nina,19,50.44,F
437,James,23,91.58,B
438,Alice,19,66.67,B
439,Alice,24,52.65,A
440,Mike,23,81.47,D
441,John,22,82.91,C
442,Alice,22,52.33,B
443,Sara,18,72.46,B
444,Emma,23,96.84,B
445,James,24,97.17,D
446,James,20,63.76,A
447,Tom,18,78.48,C
448,Tom,22,68.25,C
449,John,22,95.64,D
450,Mike,20,99.82,F
451,John,24,75.41,A
452,Nina,20,71.47,B
453,Mike,20,90.12,B
454,John,24,85.35,D
455,Rachel,19,96.15,F
456,Tom,23,81.49,A
457,John,19,78.54,B
458,David,22,57.56,A
459,Nina,25,69.36,B
460,Nina,25,64.28,D
461,Alice,22,79.86,F
462,Nina,23,64.24,D
463,Mike,25,63.67,B
464,Rachel,20,51.2,C
465,Mike,19,99.47,F
466,John,18,72.05,C
467,Mike,19,89.44,B
468,James,19,85.25,D
469,Mike,22,61.92,B
470,David,18,74.08,C
471,Emma,24,79.36,D
472,David,20,87.01,F
473,Sara,21,59.17,A
474,Tom,21,64.53,A
475,David,20,61.92,B
476,Sara,21,95.96,C
477,Rachel,24,61.69,B
478,Tom,23,55.24,C
479,Rachel,20,61.09,D
480,Alice,18,95.5,A
481,Emma,18,51.75,F
482,Emma,21,81.38,F
483,John,22,56.01,B
484,Alice,24,65.16,A
485,David,20,68.06,B
486,Tom,18,72.51,C
487,James,25,97.53,B
488,David,23,63.07,D
489,Rachel,18,84.34,D
490,Mike,18,61.23,A
491,Emma,18,85.34,A
492,David,18,54.17,B
493,Sara,18,97.47,D
494,Emma,22,67.05,A
495,Alice,22,60.29,B
496,David,23,96.86,A
497,Nina,22,54.5,D
498,John,18,53.49,C
499,Emma,21,87.41,B
500,Sara,18,64.52,F
501,Rachel,20,83.12,D
502,John,18,92.34,D
503,James,19,60.36,B
504,David,23,96.66,F
505,Nina,18,52.91,B
506,Tom,22,61.95,A
507,David,21,94.22,C
508,Mike,19,51.37,F
509,David,22,78.11,B
510,Nina,19,60.4,C
511,John,25,92.42,C
512,John,25,72.85,F
513,Emma,18,67.74,B
514,James,21,96.49,F
515,Rachel,25,83.32,B
516,David,22,80.03,D
517,Alice,23,76.26,F
518,Emma,23,58.18,A
519,Mike,23,68.37,C
520,David,18,89.61,A
521,Nina,25,53.56,D
522,Tom,22,77.16,C
523,Tom,20,73.09,F
524,Rachel,24,96.24,D
525,John,25,76.02,F
526,Rachel,24,65.58,B
527,Emma,20,81.2,B
528,Alice,24,54.16,C
529,Alice,25,56.19,D
530,Tom,23,84.59,C
531,Nina,19,74.63,F
532,James,23,66.21,D
533,John,18,93.05,D
534,Alice,23,93.28,B
535,Nina,25,74.04,B
536,David,18,63.69,F
537,David,20,58.02,C
538,Rachel,22,95.96,F
539,Mike,19,97.01,C
540,James,21,95.47,A
541,James,20,84.03,C
542,Sara,24,97.54,A
543,Mike,19,71.91,F
544,David,19,50.18,C
545,Nina,19,50.1,F
546,Emma,23,64.05,C
547,Sara,22,92.69,C
548,David,24,60.22,B
549,Rachel,22,68.42,D
550,David,25,86.05,D
551,Alice,22,74.67,C
552,David,19,74.12,A
553,Emma,23,63.51,C
554,Nina,21,75.34,F
555,Nina,18,61.62,F
556,John,25,83.37,C
557,James,24,67.57,B
558,Nina,19,76.49,C
559,Alice,22,75.65,A
560,Sara,23,85.64,D
561,Sara,24,79.09,C
562,Alice,20,76.73,F
563,Sara,25,50.91,F
564,Sara,24,83.78,F
565,James,20,94.83,D
566,Mike,25,60.09,B
567,Tom,19,82.08,D
568,Emma,21,83.74,A
569,Emma,19,67.96,A
570,Emma,25,87.04,A
571,John,21,64.28,D
572,David,19,53.15,A
573,John,24,54.67,F
574,Sara,20,50.26,D
575,Emma,18,80.77,A
576,John,22,98.45,D
577,Sara,18,57.31,C
578,Sara,20,93.62,C
579,Tom,22,84.17,D
580,Rachel,19,70.1,A
581,David,21,53.42,F
582,Emma,23,67.28,D
583,John,22,62.02,F
584,John,20,62.88,D
585,David,20,92.27,C
586,Mike,21,75.61,C
587,Nina,25,65.6,D
588,Emma,23,70.59,A
589,Mike,20,59.57,B
590,Sara,22,92.25,C
591,Tom,23,79.16,F
592,Alice,19,61.82,B
593,Nina,21,73.69,D
594,Emma,23,70.31,C
595,Alice,22,54.51,A
596,David,18,63.46,C
597,James,18,52.06,C
598,Nina,19,91.43,B
599,Alice,20,87.21,D
600,Sara,22,65.01,C
601,Tom,23,53.05,B
602,Nina,19,73.49,B
603,Sara,20,96.62,B
604,Nina,24,86.51,B
605,Mike,22,55.61,F
606,Mike,23,66.76,D
607,Mike,18,95.96,B
608,Emma,23,55.27,F
609,Alice,23,73.76,A
610,Mike,23,87.82,B
611,Sara,20,60.59,A
612,David,23,92.93,C
613,Alice,23,84.85,A
614,Tom,21,78.0,C
615,Sara,24,93.08,A
616,John,24,75.07,A
617,John,20,66.37,C
618,Nina,20,76.51,F
619,Nina,24,64.42,A
620,Mike,18,52.09,F
621,John,20,78.74,D
622,Mike,20,78.6,D
623,James,22,70.08,A
624,Rachel,24,87.63,A
625,Tom,20,65.47,F
626,Mike,20,58.88,D
627,David,22,79.84,A
628,Sara,19,53.05,C
629,Rachel,18,57.79,B
630,Nina,21,72.03,F
631,John,23,90.96,C
632,James,19,72.09,C
633,David,24,93.17,D
634,Emma,24,70.78,F
635,Tom,18,89.07,D
636,James,21,93.69,B
637,Alice,23,57.26,A
638,John,24,58.02,A
639,David,19,90.33,B
640,David,20,82.42,D
641,Mike,20,52.17,C
642,James,20,93.53,C
643,Tom,19,92.86,B
644,Sara,20,66.48,C
645,Rachel,25,74.45,F
646,Alice,24,91.5,F
647,Sara,21,93.27,C
648,Nina,25,74.21,C
649,David,24,95.9,F
650,Nina,25,79.52,F
651,Tom,19,62.18,F
652,Mike,20,51.23,B
653,James,18,88.59,D
654,Rachel,25,83.95,F
655,John,19,83.48,B
656,Tom,19,72.21,B
657,Tom,20,87.18,D
658,David,22,91.39,A
659,Mike,18,62.25,A
660,Rachel,18,99.78,B
661,Emma,19,74.97,C
662,Rachel,24,58.13,A
663,Mike,25,70.05,A
664,Nina,20,53.24,A
665,Emma,22,72.8,A
666,James,25,88.68,D
667,Rachel,18,81.31,A
668,James,25,78.96,A
669,Sara,24,55.29,D
670,Tom,22,75.98,A
671,Rachel,19,56.65,A
672,Tom,22,93.44,B
673,John,19,86.73,D
674,Tom,21,63.86,B
675,David,21,67.24,B
676,Rachel,19,73.49,C
677,Alice,23,64.47,D
678,Mike,24,68.9,D
679,David,18,97.68,B
680,Tom,25,83.01,A
681,Tom,25,82.89,F
682,Nina,24,55.68,F
683,Mike,22,63.12,B
684,Mike,24,68.3,C
685,James,21,88.74,C
686,Alice,24,86.93,C
687,Alice,22,78.1,F
688,Mike,22,59.1,F
689,Rachel,20,72.84,F
690,James,19,80.84,F
691,Rachel,21,74.62,B
692,Alice,22,88.68,D
693,Nina,22,97.81,C
694,Sara,22,62.7,D
695,Tom,22,72.32,F
696,Nina,20,50.19,C
697,Rachel,25,50.39,D
698,Mike,25,79.59,D
699,Mike,20,65.28,C
700,Mike,19,68.25,B
701,Sara,24,76.53,F
702,Tom,20,71.63,B
703,Emma,19,97.67,A
704,Nina,18,67.22,C
705,David,20,79.54,B
706,Mike,25,67.51,B
707,Mike,22,62.28,F
708,John,24,96.24,A
709,Mike,18,75.5,A
710,Mike,22,62.71,D
711,Tom,20,72.98,C
712,Alice,19,62.65,F
713,Alice,20,65.43,F
714,Nina,19,56.06,B
715,Mike,18,79.27,A
716,Nina,21,85.86,C
717,Rachel,19,67.05,D
718,John,23,95.07,B
719,Emma,22,86.81,C
720,David,21,95.79,C
721,Tom,18,57.58,B
722,Rachel,24,65.95,B
723,Alice,18,62.13,B
724,Mike,18,75.66,B
725,James,25,64.92,B
726,Mike,22,64.89,C
727,Mike,23,94.05,D
728,David,18,84.07,D
729,Rachel,23,73.58,A
730,Rachel,25,78.93,A
731,James,19,54.14,B
732,Rachel,25,68.44,D
733,Rachel,23,70.5,D
734,Alice,18,57.94,F
735,Alice,23,78.29,D
736,Emma,24,98.31,A
737,Nina,24,80.38,F
738,Nina,21,74.42,C
739,Mike,22,99.76,C
740,Sara,22,98.06,A
741,John,18,79.95,A
742,James,20,79.8,A
743,Mike,24,89.61,B
744,David,20,61.55,C
745,Tom,19,87.86,A
746,David,21,76.73,A
747,Emma,19,50.44,B
748,Rachel,20,70.84,B
749,Rachel,23,98.89,F
750,Rachel,18,90.84,A
751,Rachel,21,88.0,A
752,Sara,25,95.27,F
753,Alice,23,82.14,A
754,Rachel,25,73.07,B
755,Rachel,22,71.76,A
756,James,24,85.17,D
757,David,22,79.85,B
758,Tom,21,79.71,A
759,Sara,25,96.38,A
760,Rachel,18,89.58,C
761,John,20,51.73,D
762,Tom,25,73.04,A
763,Sara,19,73.09,B
764,John,21,55.83,D
765,Tom,24,63.57,D
766,Sara,24,93.43,A
767,Rachel,20,68.07,C
768,Tom,24,66.01,D
769,Alice,18,81.65,D
770,Tom,20,71.25,A
771,John,19,65.06,B
772,Emma,24,71.09,A
773,Mike,25,78.38,A
774,Alice,22,90.48,F
775,Emma,21,78.74,A
776,Nina,20,81.0,C
777,Alice,22,82.84,F
778,Emma,21,86.15,A
779,David,18,51.73,D
780,Alice,20,58.09,D
781,John,18,67.61,C
782,Sara,22,87.03,D
783,Alice,21,66.55,F
784,Sara,18,95.65,B
785,Mike,20,93.44,F
786,David,19,77.87,B
787,Alice,24,86.63,F
788,Rachel,21,95.36,F
789,Mike,22,59.47,C
790,John,20,74.21,D
791,Sara,23,51.14,C
792,David,25,89.29,F
793,Sara,22,67.29,B
794,James,24,70.52,B
795,Alice,22,76.85,D
796,Emma,24,71.53,C
797,David,20,57.89,C
798,Sara,23,54.95,F
799,Sara,18,92.99,D
800,Emma,24,83.99,B
801,Emma,23,59.53,A
802,Sara,20,71.7,A
803,Alice,23,97.3,B
804,Alice,25,74.17,F
805,James,25,84.87,F
806,David,23,87.97,C
807,Tom,25,52.76,D
808,Alice,19,54.63,F
809,Sara,23,50.74,A
810,Mike,23,73.05,D
811,Rachel,22,92.3,D
812,Rachel,21,79.75,C
813,Rachel,21,97.06,D
814,Mike,23,56.22,F
815,John,20,96.62,B
816,Mike,21,55.57,D
817,Tom,19,57.6,A
818,Rachel,20,64.52,C
819,David,18,67.34,B
820,John,23,59.81,A
821,David,25,90.8,C
822,Rachel,21,69.58,C
823,David,23,67.08,F
824,Mike,24,61.62,D
825,Mike,22,52.05,A
826,Alice,18,90.76,B
827,Mike,25,58.91,C
828,Rachel,19,57.92,F
829,Rachel,18,78.59,C
830,James,21,68.09,B
831,Tom,25,92.53,C
832,Rachel,18,70.51,C
833,Alice,21,82.32,C
834,Alice,24,92.43,D
835,James,24,59.88,F
836,Sara,21,58.54,F
837,Emma,19,59.56,D
838,Alice,25,80.46,A
839,Alice,18,96.9,F
840,Nina,24,79.84,D
841,Tom,21,81.0,A
842,Alice,24,77.87,A
843,Alice,25,76.36,C
844,David,22,92.36,F
845,John,19,57.42,D
846,Nina,25,72.54,D
847,Rachel,22,79.53,C
848,Nina,24,94.16,C
849,David,25,80.47,F
850,Rachel,20,97.54,A
851,James,22,74.03,F
852,Emma,25,76.01,B
853,Mike,22,68.66,A
854,James,22,83.09,B
855,Nina,21,84.39,F
856,Mike,24,73.01,C
857,Tom,21,55.2,C
858,Sara,18,55.83,C
859,John,23,56.1,B
860,David,22,61.01,D
861,Sara,24,76.92,A
862,James,23,80.87,F
863,Mike,21,50.0,C
864,Rachel,22,91.3,D
865,Emma,24,92.21,C
866,Emma,19,52.17,C
867,Emma,20,97.5,B
868,James,18,97.28,D
869,James,19,65.43,A
870,Nina,22,92.15,A
871,Rachel,25,93.41,C
872,Emma,23,56.31,D
873,Rachel,19,51.43,D
874,Sara,22,96.85,A
875,Emma,24,67.06,C
876,James,25,50.13,F
877,Rachel,19,50.5,C
878,Sara,25,87.07,F
879,Emma,20,57.93,F
880,Emma,25,88.64,C
881,Mike,18,57.86,A
882,Emma,20,55.37,D
883,Mike,20,60.99,A
884,Nina,19,52.03,A
885,Tom,21,69.78,C
886,John,20,83.39,D
887,Nina,21,75.33,A
888,Emma,23,69.66,C
889,Emma,21,62.89,F
890,Mike,18,66.18,F
891,Alice,18,83.82,B
892,Emma,19,52.34,C
893,Alice,18,76.36,A
894,Tom,19,86.22,B
895,David,19,85.91,C
896,Alice,19,83.38,A
897,John,25,83.9,B
898,Nina,22,72.64,C
899,Sara,20,89.15,F
900,David,22,61.69,A
901,Mike,24,51.61,B
902,Emma,20,67.87,B
903,David,22,51.19,C
904,Emma,22,82.99,D
905,Emma,19,78.57,F
906,James,23,74.52,F
907,Sara,19,87.59,C
908,James,21,74.7,F
909,David,20,85.12,C
910,Sara,20,79.66,D
911,Alice,19,92.44,F
912,Alice,25,85.21,D
913,Emma,25,80.17,F
914,Nina,22,50.9,B
915,Emma,22,72.06,C
916,John,23,93.83,B
917,Alice,22,60.18,D
918,Sara,21,66.26,C
919,John,22,84.99,C
920,Alice,24,82.68,F
921,Sara,24,51.91,B
922,Rachel,18,51.32,B
923,Tom,24,71.24,A
924,Nina,23,53.39,D
925,Nina,21,89.63,C
926,James,24,79.23,B
927,Nina,24,74.01,C
928,John,19,84.92,A
929,David,19,59.77,F
930,Rachel,18,73.94,F
931,Rachel,18,73.5,A
932,John,21,59.92,B
933,Nina,18,61.75,B
934,David,21,86.11,A
935,John,18,70.94,B
936,Alice,24,71.39,A
937,Nina,18,60.79,D
938,Nina,19,62.26,F
939,John,18,97.9,F
940,Emma,24,83.48,D
941,John,22,85.63,C
942,David,21,94.92,F
943,Sara,18,90.6,D
944,Sara,18,93.04,F
945,Tom,18,50.08,C
946,Tom,18,60.28,C
947,Sara,25,94.99,A
948,Tom,23,77.3,F
949,Emma,23,86.78,A
950,Rachel,24,74.45,D
951,Rachel,23,68.16,D
952,Sara,22,92.36,F
953,Emma,22,77.82,D
954,Sara,23,86.94,D
955,Tom,24,99.15,D
956,John,24,79.62,B
957,Nina,23,75.08,D
958,Nina,20,89.58,F
959,John,19,61.87,A
960,Rachel,21,76.59,A
961,Mike,25,80.73,B
962,Sara,24,91.91,F
963,Rachel,20,68.0,C
964,Emma,19,97.99,C
965,Alice,22,83.24,A
966,Nina,20,96.88,A
967,Mike,25,98.65,C
968,John,25,67.62,B
969,Alice,23,78.9,B
970,John,23,54.64,C
971,Sara,24,81.94,D
972,Rachel,21,93.23,A
973,Emma,25,89.65,F
974,Alice,23,71.59,D
975,Alice,22,53.11,C
976,David,21,59.58,F
977,Rachel,20,56.71,C
978,Rachel,18,82.65,F
979,John,20,71.99,D
980,David,22,58.19,A
981,John,19,97.55,B
982,Nina,22,56.48,F
983,Nina,22,56.52,A
984,James,25,93.94,D
985,James,25,92.43,D
986,Rachel,25,83.75,A
987,Sara,21,53.6,B
988,Emma,25,66.78,B
989,John,19,94.11,F
990,Rachel,24,77.88,F
991,Mike,23,65.92,B
992,Alice,19,63.68,B
993,Sara,18,55.99,A
994,Nina,25,67.35,A
995,Nina,18,91.15,C
996,Nina,23,97.88,A
997,Nina,22,78.74,B
998,John,24,72.46,A
999,Tom,25,83.61,F
1000,Nina,21,89.81,F
1001,Tom,24,57.14,D
1002,Nina,25,58.59,C
1003,Rachel,24,80.36,A
1004,James,20,86.92,B
1005,Rachel,21,86.3,F
1006,Tom,23,95.14,A
1007,Mike,18,89.97,B
1008,John,24,82.43,F
1009,Emma,23,74.19,B
1010,James,20,50.92,F
1011,David,25,64.98,A
1012,Nina,20,61.13,F
1013,Alice,23,79.95,F
1014,Mike,18,63.1,D
1015,Tom,24,90.98,A
1016,John,19,64.54,C
1017,Nina,24,60.26,C
1018,Alice,22,98.32,C
1019,Rachel,23,99.34,C
1020,Emma,20,62.6,D
1021,Rachel,19,94.59,A
1022,Nina,25,69.03,D
1023,Mike,23,89.15,F
1024,Tom,21,67.06,C
1025,Sara,24,94.3,A
1026,David,20,54.53,A
1027,James,23,68.79,D
1028,James,20,63.8,D
1029,Emma,23,66.77,F
1030,Nina,25,94.75,F
1031,Rachel,25,56.56,D
1032,John,23,85.4,B
1033,Alice,24,54.19,B
1034,Nina,22,72.34,B
1035,Rachel,21,87.21,F
1036,Alice,20,90.68,B
1037,Rachel,23,98.31,F
1038,John,21,75.56,A
1039,Mike,19,98.02,C
1040,Rachel,21,54.23,B
1041,Sara,25,59.31,F
1042,Tom,25,97.46,B
1043,Emma,19,92.23,D
1044,Emma,21,60.98,A
1045,Rachel,24,62.77,F
1046,Sara,21,93.55,F
1047,James,18,78.21,B
1048,John,23,84.06,C
1049,James,18,53.74,C
1050,Mike,20,69.17,C
1051,Nina,24,86.57,D
1052,James,24,90.79,B
1053,Nina,25,78.31,A
1054,Alice,25,88.99,C
1055,David,21,74.18,C
1056,Mike,20,79.66,B
1057,Nina,21,76.25,A
1058,James,22,57.97,B
1059,Mike,22,82.23,B
1060,Emma,18,99.27,A
1061,Rachel,22,69.37,C
1062,Mike,20,90.4,B
1063,Alice,23,71.81,C
1064,Mike,23,78.69,A
1065,Emma,22,63.75,A
1066,Alice,21,96.87,D
1067,Nina,18,70.02,B
1068,David,22,54.85,B
1069,David,22,86.69,C
1070,Sara,25,53.41,C
1071,James,24,77.65,B
1072,Nina,24,87.17,C
1073,Tom,21,53.29,F
1074,Emma,23,87.86,D
1075,Alice,22,61.91,F
1076,Nina,19,74.61,C
1077,David,19,51.54,C
1078,John,20,75.68,F
1079,Alice,20,96.56,A
1080,Tom,25,63.2,C
1081,Alice,19,88.62,F
1082,Mike,19,61.31,F
1083,James,23,64.5,B
1084,David,18,85.37,A
1085,Alice,20,80.35,B
1086,John,25,62.47,C
1087,Sara,18,86.61,F
1088,Emma,21,73.02,F
1089,Alice,19,77.68,C
1090,Sara,24,74.74,F
1091,Rachel,25,56.96,A
1092,John,22,68.28,A
1093,Mike,19,60.93,B
1094,James,19,88.14,D
1095,David,25,94.58,F
1096,Emma,20,94.3,C
1097,James,23,87.78,C
1098,Sara,18,67.7,F
1099,Sara,25,83.24,F
1100,Mike,18,62.8,A
1101,David,23,86.87,F
1102,Emma,20,85.13,D
1103,Sara,22,57.58,D
1104,James,24,73.92,F
1105,James,20,68.45,C
1106,Alice,21,82.14,C
1107,Rachel,21,87.23,B
1108,Alice,23,55.91,A
1109,Emma,22,99.14,D
1110,Tom,24,81.99,F
1111,Mike,23,74.66,F
1112,Tom,18,61.67,B
1113,David,22,78.59,B
1114,Mike,24,82.76,F
1115,Alice,21,71.77,C
1116,James,21,67.29,A
1117,Alice,24,56.45,A
1118,Mike,19,70.98,C
1119,Alice,25,70.36,B
1120,Rachel,22,64.78,C
1121,Emma,24,50.85,F
1122,David,18,90.97,A
1123,Alice,25,73.31,A
1124,Alice,19,80.95,F
1125,Tom,25,50.33,F
1126,Nina,20,87.38,B
1127,Alice,25,56.39,C
1128,Tom,21,52.26,B
1129,Sara,18,91.22,C
1130,Sara,18,85.31,F
1131,Sara,24,60.04,C
1132,John,25,54.63,F
1133,Sara,24,50.29,F
1134,John,20,69.54,F
1135,Nina,21,59.0,C
1136,James,21,80.65,A
1137,Rachel,22,62.13,F
1138,James,22,82.81,F
1139,Rachel,19,87.2,C
1140,Sara,19,79.01,F
1141,Sara,23,95.7,C
1142,Mike,24,66.93,D
1143,Mike,20,90.28,A
1144,Emma,19,81.16,D
1145,James,19,92.73,B
1146,Sara,25,51.07,A
1147,James,23,91.01,D
1148,Tom,23,76.76,D
1149,John,24,50.85,F
1150,Nina,20,84.05,C
1151,Mike,18,67.42,C
1152,Sara,20,71.34,C
1153,John,21,96.13,C
1154,Alice,25,84.92,C
1155,Rachel,20,68.43,A
1156,Alice,21,98.2,C
1157,John,23,69.75,C
1158,David,25,92.2,D
1159,Sara,21,56.0,F
1160,Mike,21,82.9,B
1161,Nina,24,91.17,F
1162,Alice,20,74.07,D
1163,James,18,72.88,B
1164,Emma,19,86.13,B
1165,Nina,25,96.55,B
1166,Alice,23,99.3,C
1167,Mike,23,94.05,F
1168,Nina,19,78.87,B
1169,John,25,59.73,B
1170,Tom,24,58.43,F
1171,David,23,86.03,B
1172,Rachel,23,65.76,A
1173,Alice,18,69.93,C
1174,Rachel,24,85.63,F
1175,John,23,76.92,F
1176,John,24,66.36,B
1177,Sara,22,64.36,A
1178,Rachel,23,96.04,F
1179,Sara,20,60.73,F
1180,James,19,81.96,C
1181,Emma,23,78.89,A
1182,Alice,25,93.4,A
1183,Rachel,18,51.88,C
1184,Mike,24,98.93,B
1185,James,25,63.29,C
1186,Emma,24,85.44,F
1187,John,22,84.2,F
1188,Mike,25,69.6,B
1189,Rachel,22,69.16,B
1190,Sara,20,93.42,D
1191,John,21,93.62,C
1192,James,22,90.51,B
1193,David,18,74.8,C
1194,David,23,73.72,C
1195,Emma,21,68.36,C
1196,Mike,18,91.11,C
1197,Tom,18,61.4,F
1198,Sara,18,55.18,B
1199,Mike,24,83.63,F
1200,Nina,24,90.56,C
1201,David,19,75.69,D
1202,Alice,21,63.73,B
1203,John,19,66.55,C
1204,David,20,57.57,C
1205,Tom,22,82.98,C
1206,Alice,23,62.52,F
1207,David,18,74.76,B
1208,James,22,52.56,D
1209,James,21,53.96,F
1210,Emma,25,80.63,A
1211,James,19,59.01,A
1212,Alice,19,94.29,F
1213,James,22,59.47,D
1214,Mike,23,58.85,C
1215,James,20,65.85,F
1216,Sara,25,59.32,D
1217,Nina,22,81.4,A
1218,Emma,20,95.43,B
1219,Sara,24,89.89,F
1220,David,24,77.02,B
1221,Emma,21,88.25,D
1222,Emma,24,69.03,F
1223,Mike,22,56.66,D
1224,James,21,90.75,C
1225,John,20,56.91,C
1226,Emma,25,67.42,D
1227,John,23,65.26,A
1228,Mike,25,72.46,F
1229,Mike,18,64.72,F
1230,Sara,21,86.08,F
1231,Tom,22,96.43,C
1232,Mike,24,75.06,F
1233,James,19,94.59,F
1234,David,18,76.86,D
1235,Nina,23,66.91,C
1236,Nina,25,80.49,C
1237,Alice,19,85.97,B
1238,Tom,25,93.94,A
1239,John,18,80.54,C
1240,James,25,57.08,C
1241,Alice,19,54.81,C
1242,Nina,22,94.19,A
1243,Emma,18,53.98,C
1244,Rachel,21,76.57,C
1245,Tom,19,79.33,F
1246,Nina,23,65.33,F
1247,Nina,20,79.26,B
1248,Emma,19,83.05,C
1249,John,18,73.05,F
1250,Sara,24,78.78,D
1251,Tom,24,93.59,B
1252,Tom,25,81.85,F
1253,David,20,85.19,F
1254,Alice,20,69.85,B
1255,Tom,24,68.92,F
1256,Emma,25,51.44,F
1257,James,19,90.81,B
1258,Nina,24,52.46,B
1259,Emma,25,98.73,F
1260,Alice,20,58.09,C
1261,James,20,85.44,F
1262,Alice,21,78.16,B
1263,Emma,20,79.85,D
1264,Alice,24,71.95,A
1265,Tom,24,58.49,B
1266,Nina,19,53.79,A
1267,Mike,19,63.51,D
1268,Tom,21,87.78,A
1269,Sara,24,90.9,D
1270,Alice,25,97.53,D
1271,Sara,25,51.23,B
1272,James,18,50.48,B
1273,Tom,22,74.84,B
1274,Rachel,18,59.57,D
1275,Rachel,24,96.7,B
1276,Sara,18,56.55,A
1277,David,23,61.22,B
1278,Sara,20,69.33,A
1279,Rachel,22,92.26,D
1280,James,25,51.52,A
1281,Mike,21,59.78,D
1282,Mike,22,54.42,A
1283,David,22,80.01,D
1284,Alice,20,60.18,F
1285,James,25,81.35,D
1286,Mike,25,50.91,B
1287,Rachel,18,56.28,A
1288,Rachel,22,75.72,F
1289,Mike,18,93.13,A
1290,Mike,23,81.66,B
1291,James,24,92.56,F
1292,Emma,19,75.93,A
1293,Rachel,21,78.38,F
1294,David,24,94.82,B
1295,Rachel,25,60.41,C
1296,Mike,25,55.54,A
1297,Emma,18,69.88,B
1298,Alice,22,67.03,C
1299,Sara,22,60.92,C
1300,John,22,63.77,B
1301,Alice,19,57.57,C
1302,Nina,20,59.82,D
1303,Mike,18,90.03,D
1304,Rachel,24,73.77,A
1305,Mike,25,71.75,A
1306,Mike,19,73.55,A
1307,Rachel,20,99.32,A
1308,Tom,21,71.49,A
1309,Nina,23,62.09,D
1310,Mike,19,66.13,A
1311,Emma,22,99.58,B
1312,Nina,24,59.26,A
1313,Emma,21,80.78,A
1314,Nina,22,77.58,D
1315,Nina,25,62.89,A
1316,Mike,21,97.95,C
1317,Rachel,21,72.74,F
1318,Emma,20,72.5,C
1319,Emma,24,73.33,C
1320,Emma,24,67.22,D
1321,Tom,20,88.84,F
1322,Rachel,22,53.85,F
1323,David,21,88.37,C
1324,Mike,24,58.62,C
1325,Nina,25,97.54,C
1326,James,24,73.12,A
1327,Alice,19,53.75,F
1328,Rachel,19,66.25,B
1329,Sara,21,59.82,D
1330,Nina,21,84.81,D
1331,James,25,81.93,A
1332,Tom,19,93.73,F
1333,Sara,20,63.3,B
1334,Sara,25,72.22,C
1335,Tom,25,85.0,A
1336,James,23,86.42,D
1337,Tom,24,63.99,C
1338,Nina,20,54.73,B
1339,Alice,20,61.79,C
1340,Nina,24,67.02,D
1341,John,22,85.32,C
1342,James,18,76.33,B
1343,Alice,25,66.56,D
1344,Sara,18,66.37,C
1345,Tom,22,50.01,C
1346,Nina,25,63.63,C
1347,Rachel,23,57.15,A
1348,Sara,25,56.69,A
1349,Nina,19,98.82,C
1350,Alice,24,97.8,C
1351,Tom,23,78.08,F
1352,Rachel,21,82.35,A
1353,John,20,90.43,A
1354,James,22,83.73,B
1355,Rachel,21,86.77,D
1356,David,23,50.11,C
1357,Alice,24,90.17,A
1358,Tom,23,85.69,A
1359,David,22,70.98,B
1360,Alice,21,99.33,F
1361,John,22,90.23,C
1362,David,21,65.09,F
1363,Rachel,20,54.61,B
1364,Rachel,23,86.25,A
1365,James,20,75.36,A
1366,John,24,50.84,A
1367,Sara,19,98.9,D
1368,David,25,65.9,B
1369,James,21,92.93,F
1370,Tom,18,59.32,A
1371,John,21,83.72,C
1372,Tom,25,99.83,C
1373,David,24,57.02,C
1374,Emma,23,84.67,F
1375,James,24,87.38,A
1376,Mike,23,85.66,F
1377,James,25,84.03,D
1378,Sara,19,73.55,F
1379,Alice,24,51.99,C
1380,James,22,98.47,C
1381,James,23,66.79,A
1382,Sara,25,54.19,B
1383,Sara,23,55.93,A
1384,Nina,20,56.89,B
1385,Emma,18,61.26,A
1386,Mike,24,51.58,C
1387,David,18,51.2,C
1388,Nina,20,82.8,B
1389,Rachel,20,88.75,D
1390,Tom,18,85.98,A
1391,Mike,24,52.59,B
1392,Mike,22,55.5,F
1393,James,22,86.26,D
1394,James,22,84.54,C
1395,Mike,18,81.04,C
1396,Rachel,23,53.71,C
1397,Rachel,25,58.85,A
1398,Mike,24,84.61,C
1399,Alice,18,51.05,F
1400,James,24,91.91,D
1401,Emma,20,94.67,B
1402,Sara,24,59.15,D
1403,Tom,23,54.79,C
1404,Sara,20,55.26,F
1405,James,22,65.23,C
1406,Nina,22,79.19,B
1407,Emma,25,82.25,F
1408,Rachel,19,93.32,B
1409,Rachel,21,50.24,A
1410,Emma,19,68.6,A
1411,John,24,79.83,A
1412,Tom,24,84.95,F
1413,Alice,19,86.05,D
1414,Tom,25,66.66,A
1415,Rachel,22,65.51,C
1416,Sara,22,51.11,F
1417,Emma,24,56.59,F
1418,Alice,21,61.54,C
1419,Rachel,20,62.21,C
1420,Mike,19,87.72,F
1421,Mike,19,57.78,F
1422,Sara,21,95.17,F
1423,Sara,22,57.46,B
1424,Sara,18,79.47,F
1425,Tom,25,93.36,F
1426,James,19,90.83,A
1427,Sara,18,91.0,F
1428,Sara,23,92.44,B
1429,Tom,23,95.49,C
1430,John,20,50.75,A
1431,Nina,22,79.25,A
1432,Sara,24,97.23,A
1433,Sara,19,66.44,F
1434,James,19,60.44,F
1435,John,20,70.88,F
1436,James,23,54.54,D
1437,James,24,77.11,D
1438,John,19,89.49,A
1439,Rachel,22,61.79,F
1440,James,25,92.72,D
1441,David,23,94.31,A
1442,Emma,23,58.97,F
1443,Alice,25,94.45,C
1444,Sara,20,69.22,D
1445,Nina,24,50.12,B
1446,Mike,19,92.95,F
1447,Emma,18,83.28,B
1448,Emma,22,50.95,F
1449,Sara,23,74.29,C
1450,Mike,23,95.34,D
1451,Mike,18,84.56,B
1452,Emma,23,53.98,D
1453,John,19,57.44,C
1454,Sara,23,55.79,F
1455,David,20,80.69,A
1456,Sara,20,59.75,F
1457,Nina,21,66.49,A
1458,Rachel,24,69.54,F
1459,Nina,24,64.6,B
1460,Sara,20,65.29,A
1461,Tom,20,90.16,A
1462,Sara,24,94.97,F
1463,Nina,23,56.69,B
1464,Tom,23,93.63,D
1465,Alice,25,78.62,A
1466,Mike,20,58.93,B
1467,Emma,22,59.21,D
1468,James,18,97.79,A
1469,Tom,22,82.02,C
1470,James,19,98.19,B
1471,Emma,20,62.29,C
1472,John,23,92.16,A
1473,Emma,20,89.51,F
1474,Rachel,22,99.95,A
1475,James,21,69.57,D
1476,Rachel,20,82.91,A
1477,John,22,95.87,A
1478,James,19,97.31,A
1479,David,18,67.84,D
1480,James,23,57.55,C
1481,Alice,20,78.09,C
1482,Tom,19,75.54,D
1483,Emma,19,63.57,D
1484,David,22,70.67,B
1485,John,23,99.52,D
1486,Emma,25,82.48,F
1487,James,20,80.02,D
1488,Emma,22,68.98,F
1489,John,19,84.29,D
1490,Rachel,19,89.6,A
1491,Sara,25,92.49,A
1492,Tom,23,79.47,A
1493,David,22,94.15,F
1494,Nina,19,95.65,B
1495,Rachel,20,90.33,B
1496,David,21,73.12,B
1497,Sara,25,80.75,C
1498,Nina,19,54.47,F
1499,James,20,81.08,A
1500,Rachel,22,97.72,C
1501,Mike,21,84.44,A
1502,Tom,18,69.16,D
1503,Mike,23,87.44,F
1504,Sara,20,83.7,A
1505,Emma,20,63.02,B
1506,Alice,19,51.96,A
1507,David,22,59.93,F
1508,Emma,23,59.75,B
1509,David,20,81.07,C
1510,Alice,24,64.69,F
1511,James,24,57.8,D
1512,Mike,25,70.57,C
1513,Sara,21,54.45,C
1514,Mike,22,89.79,B
1515,Rachel,19,76.31,C
1516,Emma,24,73.02,C
1517,Mike,21,52.0,B
1518,James,21,78.72,F
1519,Sara,24,63.01,F
1520,James,24,52.93,F
1521,Nina,21,99.43,A
1522,James,25,82.93,A
1523,Sara,18,68.82,A
1524,Rachel,18,76.28,D
1525,Mike,21,79.13,B
1526,Mike,21,55.18,F
1527,Mike,21,91.77,F
1528,Emma,25,62.95,D
1529,Mike,19,54.15,C
1530,Nina,23,58.36,C
1531,Mike,25,89.9,C
1532,Sara,19,73.03,F
1533,Rachel,20,66.61,D
1534,John,18,89.85,D
1535,Rachel,23,56.4,C
1536,Tom,22,60.59,A
1537,Tom,20,69.16,D
1538,Tom,18,85.1,F
1539,James,19,62.01,B
1540,James,23,76.74,A
1541,Sara,24,93.34,C
1542,John,23,57.96,A
1543,Nina,25,95.97,F
1544,Emma,20,50.24,C
1545,Alice,25,60.7,B
1546,Rachel,25,93.96,F
1547,Rachel,21,72.85,F
1548,Emma,21,85.66,B
1549,Emma,21,82.2,F
1550,Mike,22,77.94,B
1551,John,25,63.27,C
1552,Tom,20,55.7,F
1553,Mike,21,75.98,C
1554,Emma,25,69.87,F
1555,Tom,23,50.67,A
1556,Nina,19,84.3,C
1557,John,19,67.94,A
1558,Sara,18,71.45,C
1559,Sara,18,69.76,C
1560,James,20,83.37,D
1561,Tom,25,70.51,B
1562,David,24,71.01,C
1563,Rachel,22,77.23,D
1564,John,18,77.97,B
1565,Tom,24,61.52,A
1566,Tom,23,60.07,A
1567,Mike,22,54.09,B
1568,Sara,24,56.81,B
1569,Mike,19,62.18,F
1570,Mike,24,80.48,F
1571,Sara,24,61.08,C
1572,Emma,19,78.45,C
1573,Tom,24,58.27,C
1574,Nina,19,80.25,D
1575,Sara,20,86.96,F
1576,Mike,20,78.01,C
1577,David,22,71.17,A
1578,John,22,60.25,F
1579,Tom,21,79.94,C
1580,David,21,83.09,B
1581,Sara,25,83.12,F
1582,Alice,23,68.14,B
1583,Nina,21,77.17,D
1584,Emma,22,63.44,B
1585,James,21,78.84,F
1586,Nina,21,62.49,C
1587,Tom,18,70.78,A
1588,Tom,21,88.32,C
1589,James,19,58.55,B
1590,Tom,23,87.61,B
1591,Rachel,21,98.22,F
1592,John,18,56.08,B
1593,David,25,73.25,B
1594,Emma,25,85.96,C
1595,Sara,21,52.65,B
1596,Rachel,19,54.65,C
1597,David,18,73.66,A
1598,Nina,25,88.17,B
1599,Mike,19,77.3,C
1600,Sara,19,96.16,F
1601,Emma,22,65.52,A
1602,Sara,20,86.55,F
1603,Rachel,18,64.22,C
1604,David,18,50.18,D
1605,James,25,76.43,C
1606,Nina,19,65.95,B
1607,Tom,25,51.89,C
1608,Alice,19,66.58,C
1609,Mike,18,68.2,C
1610,Rachel,18,58.63,F
1611,Rachel,25,50.43,C
1612,Emma,22,85.98,A
1613,Sara,20,51.84,B
1614,Tom,22,65.85,B
1615,Tom,18,91.59,D
1616,David,22,97.24,C
1617,James,23,54.63,D
1618,Rachel,18,84.31,B
1619,John,25,57.62,C
1620,Tom,24,57.82,C
1621,John,25,66.59,A
1622,Emma,23,94.5,F
1623,John,25,85.46,C
1624,Emma,21,66.24,B
1625,Mike,19,73.71,F
1626,Emma,22,88.2,C
1627,Sara,18,61.41,A
1628,James,25,61.39,C
1629,Nina,22,62.0,A
1630,Nina,21,64.24,B
1631,Tom,25,81.06,B
1632,Mike,20,67.59,F
1633,David,20,68.87,F
1634,Sara,23,71.24,A
1635,David,21,91.11,F
1636,David,23,67.85,D
1637,Rachel,19,86.05,A
1638,Nina,21,84.01,D
1639,Sara,25,86.8,F
1640,Nina,23,92.87,B
1641,Emma,25,91.19,C
1642,Tom,24,79.95,F
1643,Alice,22,66.99,B
1644,Tom,22,50.72,A
1645,James,19,64.65,F
1646,John,20,62.95,C
1647,Tom,21,97.04,D
1648,John,22,67.03,A
1649,Sara,25,93.9,C
1650,John,21,59.99,A
1651,Alice,20,76.71,A
1652,Tom,22,78.72,D
1653,Mike,21,70.61,F
1654,Nina,19,65.49,D
1655,John,20,70.77,D
1656,Sara,25,57.06,A
1657,Nina,22,64.28,D
1658,Mike,21,53.31,C
1659,Nina,20,51.72,D
1660,Tom,18,60.22,A
1661,John,21,51.49,A
1662,Rachel,18,73.37,A
1663,James,19,56.7,B
1664,Tom,20,82.72,D
1665,Rachel,23,82.36,D
1666,Mike,19,63.52,D
1667,Emma,19,96.45,A
1668,Nina,21,53.85,C
1669,Sara,23,98.49,F
1670,Mike,22,99.3,B
1671,Emma,22,53.7,B
1672,Mike,18,71.97,F
1673,James,19,57.39,C
1674,Sara,21,77.01,B
1675,Emma,21,84.07,A
1676,Sara,23,99.97,A
1677,Mike,23,54.29,B
1678,Alice,21,93.72,D
1679,Sara,19,79.15,A
1680,Sara,18,65.06,D
1681,James,22,50.65,B
1682,Emma,19,60.05,A
1683,Emma,22,71.12,B
1684,David,21,60.96,F
1685,Rachel,24,89.61,C
1686,Emma,22,50.63,D
1687,Nina,21,50.82,A
1688,David,22,89.9,A
1689,Sara,25,89.02,D
1690,Alice,19,89.32,D
1691,James,20,71.38,F
1692,John,22,85.73,C
1693,Alice,18,97.22,A
1694,James,25,81.74,F
1695,John,19,76.34,B
1696,John,21,63.39,D
1697,Emma,25,74.22,A
1698,James,19,50.58,B
1699,Alice,25,85.21,A
1700,John,23,58.23,A
1701,Sara,19,82.93,A
1702,Nina,21,94.75,A
1703,Rachel,25,85.77,D
1704,Rachel,22,72.6,C
1705,Mike,25,84.68,C
1706,David,18,51.88,F
1707,David,18,96.39,F
1708,Sara,21,87.17,B
1709,James,19,70.43,F
1710,Mike,25,65.76,D
1711,Sara,19,52.69,B
1712,James,23,69.53,C
1713,Nina,18,70.04,C
1714,Rachel,20,88.9,C
1715,Emma,23,95.61,B
1716,Sara,25,99.3,D
1717,Emma,21,88.76,F
1718,Sara,21,66.77,C
1719,Emma,19,86.3,F
1720,David,25,93.2,D
1721,Alice,18,62.93,F
1722,Sara,20,74.71,C
1723,Mike,24,98.28,C
1724,Emma,22,53.57,C
1725,Alice,18,64.87,F
1726,Alice,23,91.74,B
1727,James,24,60.81,C
1728,John,21,94.52,C
1729,Rachel,19,81.12,B
1730,David,21,60.21,B
1731,John,22,83.52,B
1732,Tom,20,74.01,F
1733,Rachel,18,76.27,A
1734,Rachel,20,72.63,C
1735,Emma,22,69.08,B
1736,John,25,59.61,A
1737,Nina,21,98.63,C
1738,Tom,23,60.5,A
1739,Rachel,24,99.1,A
1740,Tom,20,93.43,C
1741,David,22,73.88,A
1742,Mike,23,72.36,C
1743,Tom,20,69.47,F
1744,Mike,23,88.99,C
1745,Mike,19,84.45,F
1746,David,19,78.88,A
1747,Emma,25,76.09,D
1748,James,18,81.58,B
1749,Tom,22,94.99,B
1750,Alice,23,67.64,A
1751,Nina,18,90.78,D
1752,Rachel,24,98.44,A
1753,James,18,63.37,C
1754,Rachel,23,92.04,F
1755,Mike,22,89.59,C
1756,Alice,23,56.85,A
1757,Nina,20,82.58,C
1758,Mike,21,83.12,C
1759,Sara,20,96.69,A
1760,Mike,20,77.62,A
1761,David,24,78.69,C
1762,Sara,21,87.79,C
1763,Nina,24,96.82,D
1764,Sara,21,57.31,F
1765,Rachel,22,52.83,F
1766,Mike,25,55.76,A
1767,Rachel,21,77.42,F
1768,Tom,22,50.19,C
1769,David,18,64.45,C
1770,Tom,22,84.24,D
1771,Mike,20,57.37,F
1772,Alice,18,94.99,C
1773,Tom,23,92.24,C
1774,David,22,55.59,B
1775,James,19,97.94,C
1776,Alice,24,66.42,F
1777,Emma,24,89.51,B
1778,David,23,89.65,D
1779,John,23,66.53,D
1780,Sara,22,81.52,B
1781,Nina,19,77.72,D
1782,Alice,18,66.07,B
1783,Sara,24,69.37,C
1784,Emma,25,91.88,B
1785,Alice,22,98.62,D
1786,Emma,24,76.2,A
1787,Nina,20,70.09,A
1788,David,20,56.16,C
1789,David,24,94.7,C
1790,Nina,23,59.45,D
1791,Mike,21,57.58,B
1792,Nina,21,95.2,B
1793,Mike,22,68.32,C
1794,Mike,22,78.53,C
1795,Rachel,19,56.37,A
1796,David,21,72.15,F
1797,Nina,19,77.04,B
1798,David,20,60.27,B
1799,Nina,20,63.03,A
1800,Rachel,20,66.68,F
1801,James,24,97.44,B
1802,Sara,20,54.69,D
1803,Alice,24,68.13,D
1804,David,25,62.9,B
1805,Nina,22,53.65,D
1806,David,18,58.02,B
1807,James,22,62.07,A
1808,Mike,21,88.67,D
1809,Nina,21,52.02,C
1810,John,25,94.62,B
1811,Sara,25,85.85,C
1812,James,19,53.79,D
1813,Sara,20,60.52,C
1814,Alice,20,91.48,F
1815,Emma,21,76.42,C
1816,Alice,23,90.38,C
1817,John,25,88.67,A
1818,Rachel,25,85.47,B
1819,John,21,55.53,C
1820,Rachel,21,94.61,B
1821,Rachel,18,50.03,A
1822,Alice,19,95.2,D
1823,Sara,24,56.69,B
1824,James,24,71.57,B
1825,Sara,21,83.96,A
1826,James,19,80.99,A
1827,Sara,25,91.0,A
1828,James,24,51.88,A
1829,Alice,23,72.73,A
1830,James,21,55.37,B
1831,Nina,25,86.33,C
1832,Rachel,18,53.87,A
1833,John,18,78.39,F
1834,David,18,67.74,C
1835,David,22,62.09,C
1836,Tom,19,62.85,D
1837,Nina,18,97.57,D
1838,Rachel,23,66.71,A
1839,Emma,24,98.49,B
1840,John,19,61.24,A
1841,David,20,65.73,B
1842,Tom,25,66.21,D
1843,Alice,23,62.84,D
1844,Mike,19,93.39,D
1845,Sara,18,82.78,A
1846,Alice,19,88.56,B
1847,John,23,81.47,B
1848,James,23,62.56,D
1849,Emma,21,87.03,B
1850,Mike,18,54.5,C
1851,Alice,21,72.0,C
1852,Tom,21,96.02,F
1853,Rachel,18,75.42,B
1854,Alice,25,80.19,A
1855,James,24,70.43,A
1856,Mike,20,52.19,C
1857,Tom,22,76.22,D
1858,Rachel,19,92.7,F
1859,David,25,77.83,F
1860,Nina,22,88.92,D
1861,James,21,81.15,B
1862,John,24,96.4,C
1863,Rachel,20,87.27,A
1864,Sara,19,71.96,A
1865,Nina,21,74.93,F
1866,James,24,51.5,C
1867,James,24,93.29,D
1868,Rachel,19,58.92,C
1869,John,23,74.22,A
1870,Emma,21,59.1,B
1871,Alice,23,86.39,F
1872,David,18,90.35,D
1873,Rachel,24,80.26,F
1874,Tom,23,50.14,B
1875,Tom,23,61.28,C
1876,James,18,81.29,F
1877,James,19,65.74,C
1878,Tom,19,58.65,B
1879,Mike,22,73.8,F
1880,Alice,19,62.43,F
1881,Nina,20,60.66,D
1882,Rachel,23,65.83,A
1883,Tom,23,65.02,D
1884,Tom,24,60.91,F
1885,Nina,25,95.85,D
1886,James,20,75.46,A
1887,Alice,20,99.73,F
1888,Rachel,19,72.08,B
1889,Rachel,19,75.95,D
1890,Sara,22,76.42,D
1891,Alice,24,92.76,A
1892,Rachel,22,73.25,B
1893,Alice,25,59.86,D
1894,David,24,88.06,A
1895,Tom,23,86.13,F
1896,Mike,18,85.68,F
1897,Sara,21,88.68,D
1898,Alice,18,74.03,D
1899,John,20,61.02,B
1900,Mike,23,75.89,F
1901,Tom,23,97.38,A
1902,David,23,92.19,C
1903,David,19,95.19,C
1904,Alice,18,61.72,D
1905,Alice,24,70.14,B
1906,Mike,23,90.37,B
1907,Alice,20,80.26,C
1908,Alice,25,53.42,A
1909,Tom,25,86.27,F
1910,Nina,25,75.24,F
1911,James,19,75.32,C
1912,Alice,25,61.32,A
1913,Emma,20,54.64,F
1914,David,23,74.47,B
1915,Mike,23,99.9,B
1916,Emma,21,70.44,F
1917,John,24,69.35,F
1918,Tom,18,87.19,F
1919,James,23,78.82,B
1920,John,22,98.12,B
1921,Sara,18,73.17,C
1922,David,25,64.36,A
1923,Emma,25,86.3,D
1924,Nina,25,76.29,C
1925,Nina,24,95.7,D
1926,Nina,19,78.81,D
1927,Alice,23,58.09,F
1928,David,18,66.87,F
1929,Tom,20,52.38,F
1930,David,18,63.84,B
1931,Nina,20,90.3,D
1932,Mike,24,95.96,C
1933,Rachel,21,73.97,F
1934,John,18,98.05,B
1935,Rachel,22,85.61,F
1936,Sara,24,69.35,F
1937,David,19,78.34,C
1938,Mike,18,91.98,F
1939,Mike,21,92.1,F
1940,James,23,78.27,D
1941,James,20,60.38,C
1942,Tom,22,77.61,C
1943,Nina,21,55.62,B
1944,Sara,20,57.84,D
1945,James,21,68.05,F
1946,John,21,71.96,B
1947,James,25,94.2,B
1948,Tom,24,54.35,C
1949,Mike,20,52.18,C
1950,Nina,23,74.85,D
1951,Rachel,22,87.6,F
1952,Tom,22,65.66,A
1953,Rachel,18,93.74,A
1954,David,24,57.03,A
1955,Nina,21,56.99,B
1956,Sara,19,75.53,D
1957,Tom,19,67.46,D
1958,David,24,50.38,A
1959,David,24,67.82,F
1960,John,24,93.33,C
1961,John,20,71.47,F
1962,Alice,24,74.43,F
1963,James,18,67.28,F
1964,Emma,18,66.89,F
1965,Nina,21,62.69,A
1966,Tom,18,78.05,A
1967,Alice,24,92.86,A
1968,James,23,78.78,F
1969,Alice,20,63.14,B
1970,James,25,60.08,B
1971,James,23,78.42,F
1972,John,24,75.66,C
1973,Sara,25,82.59,F
1974,John,24,56.86,D
1975,Mike,19,57.1,C
1976,Mike,25,79.79,D
1977,James,22,97.05,C
1978,Nina,23,71.75,F
1979,David,19,61.46,C
1980,David,19,99.32,C
1981,Tom,18,82.18,C
1982,Emma,23,77.79,F
1983,Mike,23,80.01,C
1984,Tom,25,54.75,F
1985,Tom,25,65.81,F
1986,Emma,20,96.2,B
1987,Sara,19,92.87,F
1988,David,19,69.42,B
1989,Sara,20,64.48,B
1990,Emma,25,94.16,D
1991,John,24,89.46,B
1992,Alice,19,60.81,C
1993,Sara,20,94.05,D
1994,John,25,65.74,F
1995,Alice,18,90.31,C
1996,James,21,99.04,C
1997,James,20,75.48,D
1998,James,25,84.78,B
1999,Nina,25,71.78,C
2000,Emma,24,96.79,D
2001,Mike,19,54.04,B
2002,Alice,24,91.45,A
2003,Alice,24,64.27,B
2004,Emma,19,52.05,B
2005,Rachel,21,94.03,F
2006,Mike,19,56.98,C
2007,Tom,22,98.14,C
2008,Nina,24,72.09,D
2009,James,24,50.06,A
2010,Nina,19,50.15,A
2011,James,19,89.28,C
2012,Alice,22,81.92,D
2013,Tom,21,75.66,B
2014,James,23,67.47,C
2015,David,23,86.97,C
2016,John,20,98.26,B
2017,Sara,21,95.07,A
2018,David,22,98.82,B
2019,Rachel,19,86.95,C
2020,Sara,22,54.12,B
2021,Nina,23,92.71,F
2022,James,25,95.19,F
2023,Tom,19,73.85,F
2024,John,19,81.27,F
2025,Tom,25,57.87,B
2026,David,22,74.17,B
2027,James,18,94.74,C
2028,Nina,18,54.01,C
2029,Rachel,19,58.62,D
2030,Emma,18,71.6,C
2031,Nina,18,65.86,B
2032,David,21,96.99,C
2033,Mike,20,67.15,A
2034,Rachel,19,69.87,F
2035,James,23,68.35,C
2036,Tom,19,57.2,F
2037,John,18,64.84,C
2038,Emma,22,92.96,B
2039,James,19,65.25,D
2040,Tom,23,62.43,B
2041,Sara,24,52.53,D
2042,Nina,18,52.02,B
2043,Tom,19,76.59,D
2044,David,24,62.31,C
2045,Tom,20,74.03,A
2046,Emma,22,80.0,A
2047,John,20,76.5,F
2048,David,18,74.07,C
2049,Nina,23,85.47,B
2050,David,24,72.94,A
2051,Tom,23,65.76,F
2052,John,23,92.46,F
2053,Mike,23,75.17,F
2054,John,21,96.6,F
2055,Mike,19,83.48,D
2056,James,19,89.63,C
2057,James,19,91.12,F
2058,Tom,19,60.72,A
2059,Rachel,24,92.2,C
2060,John,19,60.41,B
2061,Emma,25,83.09,A
2062,Tom,22,69.98,C
2063,David,18,51.56,D
2064,Rachel,25,55.19,D
2065,Mike,23,57.0,C
2066,Tom,21,71.02,C
2067,Sara,23,69.49,A
2068,Rachel,25,83.03,B
2069,John,23,62.41,F
2070,James,23,74.64,C
2071,John,22,71.41,A
2072,John,24,62.7,D
2073,Nina,18,91.53,B
2074,Tom,22,55.34,F
2075,David,21,61.11,F
2076,Emma,18,53.29,A
2077,James,19,97.29,F
2078,Rachel,21,93.87,C
2079,Tom,25,62.47,F
2080,Rachel,22,76.34,A
2081,Sara,25,74.11,B
2082,Sara,20,92.57,F
2083,David,18,94.54,D
2084,John,21,56.59,B
2085,James,18,54.71,A
2086,James,20,98.98,A
2087,Rachel,23,80.65,C
2088,Sara,19,76.23,B
2089,John,18,69.95,F
2090,Mike,22,71.66,C
2091,Mike,25,92.35,C
2092,Nina,22,98.61,F
2093,Tom,19,56.94,B
2094,Emma,23,66.7,C
2095,Sara,24,98.9,D
2096,David,24,73.82,C
2097,James,21,91.04,C
2098,Mike,18,91.08,C
2099,Emma,22,59.0,B
2100,Nina,18,80.82,A
2101,James,23,58.68,A
2102,John,24,68.6,D
2103,Alice,22,57.74,A
2104,James,20,57.9,A
2105,Emma,23,66.27,D
2106,John,19,95.99,B
2107,Mike,19,91.89,B
2108,Sara,21,92.83,F
2109,Alice,24,85.16,D
2110,John,25,76.97,C
2111,Rachel,23,60.76,D
2112,Nina,25,58.71,B
2113,Alice,20,81.7,F
2114,James,25,60.05,B
2115,David,19,74.07,C
2116,Rachel,24,57.68,D
2117,Mike,23,54.31,D
2118,Tom,25,98.4,F
2119,Tom,24,72.69,F
2120,Alice,25,63.2,C
2121,Tom,22,92.38,D
2122,Emma,25,78.56,D
2123,Alice,25,71.2,D
2124,Tom,21,80.01,F
2125,Nina,24,78.24,B
2126,Tom,20,92.21,A
2127,Alice,19,87.95,A
2128,James,20,87.01,C
2129,Rachel,22,97.35,B
2130,David,19,50.53,A
2131,Mike,18,55.25,F
2132,Tom,23,60.19,F
2133,Rachel,23,80.4,A
2134,David,25,95.25,F
2135,John,22,66.48,F
2136,Nina,23,67.79,D
2137,Rachel,22,99.76,D
2138,John,25,93.23,D
2139,Tom,20,64.12,A
2140,Rachel,22,86.41,B
2141,James,24,81.46,F
2142,John,25,81.77,D
2143,Mike,25,88.19,A
2144,Rachel,21,82.49,F
2145,John,21,73.75,B
2146,Sara,23,52.94,B
2147,Rachel,24,68.26,A
2148,Mike,18,82.52,F
2149,Sara,19,78.46,A
2150,David,18,82.43,F
2151,James,25,85.79,D
2152,James,19,52.44,A
2153,John,25,67.1,B
2154,Alice,20,70.14,F
2155,Rachel,21,50.85,D
2156,Nina,24,79.35,C
2157,John,22,71.88,C
2158,Alice,18,50.39,F
2159,Tom,20,74.61,A
2160,Emma,18,70.09,C
2161,Tom,24,61.61,B
2162,Rachel,20,69.55,A
2163,James,22,83.03,A
2164,David,22,60.74,F
2165,John,20,95.79,B
2166,Mike,24,84.99,B
2167,Emma,18,80.1,C
2168,John,18,67.0,B
2169,Emma,19,79.51,A
2170,Rachel,24,57.65,C
2171,Nina,24,50.97,C
2172,David,21,77.97,F
2173,Tom,23,63.19,A
2174,David,24,62.81,A
2175,James,19,68.14,F
2176,David,19,86.75,C
2177,James,25,60.85,A
2178,Tom,22,50.79,C
2179,Nina,23,69.76,D
2180,Nina,18,61.47,B
2181,Emma,23,82.5,B
2182,Tom,20,92.75,F
2183,Mike,22,75.34,C
2184,Nina,20,65.76,C
2185,Mike,22,72.28,B
2186,David,25,68.35,B
2187,John,18,94.59,D
2188,Nina,24,59.69,C
2189,Sara,24,60.89,D
2190,Sara,21,68.72,C
2191,James,21,64.52,F
2192,Tom,23,51.5,A
2193,Mike,20,98.14,D
2194,Emma,25,87.89,B
2195,Mike,18,60.43,C
2196,Tom,25,57.84,B
2197,Nina,19,73.86,A
2198,James,25,69.82,C
2199,Alice,21,87.09,A
2200,John,18,74.12,A
2201,Alice,19,57.78,C
2202,James,21,54.28,C
2203,Tom,24,99.42,A
2204,Nina,23,74.48,D
2205,David,18,59.21,C
2206,Tom,25,59.32,D
2207,Emma,18,62.6,F
2208,David,22,70.82,B
2209,Tom,21,87.77,F
2210,Nina,21,65.54,B
2211,John,20,58.92,A
2212,Rachel,25,64.25,C
2213,Sara,23,73.91,F
2214,David,25,92.03,F
2215,Nina,19,67.49,B
2216,Tom,24,99.16,F
2217,Sara,23,81.14,F
2218,David,19,50.28,D
2219,Rachel,21,75.81,A
2220,Sara,18,86.89,B
2221,John,19,61.89,B
2222,Emma,21,88.22,B
2223,Nina,21,92.53,C
2224,Nina,20,85.35,D
2225,Mike,19,53.55,D
2226,David,21,54.88,F
2227,David,22,88.82,B
2228,Rachel,24,84.62,F
2229,Sara,25,97.31,A
2230,Alice,24,56.13,C
2231,John,20,87.93,B
2232,Sara,19,58.85,C
2233,Nina,20,54.41,A
2234,Mike,18,92.44,C
2235,Alice,24,96.55,F
2236,Nina,25,69.82,C
2237,Emma,21,83.5,A
2238,James,24,81.37,F
2239,Mike,18,77.78,A
2240,Emma,19,71.35,B
2241,Emma,21,79.96,A
2242,Tom,23,97.77,A
2243,David,20,78.67,F
2244,Emma,25,74.52,F
2245,Tom,22,72.65,C
2246,David,19,93.18,A
2247,Emma,23,52.83,C
2248,Sara,22,58.9,A
2249,Mike,23,58.81,C
2250,John,19,82.63,C
2251,James,18,68.73,F
2252,Sara,24,76.7,A
2253,Emma,20,77.85,D
2254,Sara,21,59.9,D
2255,Emma,20,84.24,A
2256,Nina,19,94.62,C
2257,James,23,77.46,D
2258,Emma,22,76.62,B
2259,Mike,24,73.07,D
2260,John,22,54.33,C
2261,Rachel,24,63.86,F
2262,Alice,22,99.06,B
2263,Nina,20,75.6,D
2264,Mike,19,90.52,C
2265,Emma,22,69.88,F
2266,David,24,68.9,F
2267,Alice,19,77.66,D
2268,Sara,18,57.71,A
2269,John,21,57.01,D
2270,Mike,22,67.8,C
2271,David,20,62.9,A
2272,Nina,22,74.31,C
2273,Alice,24,73.29,A
2274,James,25,68.93,C
2275,Alice,23,54.01,B
2276,Tom,25,88.01,A
2277,James,22,91.75,B
2278,Tom,21,52.0,A
2279,Alice,20,64.78,C
2280,Mike,23,82.0,C
2281,Tom,18,63.6,B
2282,Tom,24,56.3,A
2283,David,20,93.04,D
2284,Tom,20,77.13,B
2285,Tom,20,99.98,C
2286,John,18,62.12,D
2287,David,25,94.94,C
2288,Mike,22,95.33,B
2289,Nina,20,75.2,D
2290,Emma,25,61.57,D
2291,Nina,20,59.57,B
2292,Tom,23,64.05,D
2293,Emma,22,98.23,D
2294,Nina,21,77.29,B
2295,Tom,25,90.49,A
2296,John,18,86.79,B
2297,Alice,19,85.35,D
2298,Emma,18,52.2,B
2299,Emma,20,85.56,D
2300,Sara,19,70.42,D
2301,Nina,19,90.23,A
2302,Nina,24,57.41,D
2303,Nina,18,62.51,C
2304,Sara,22,61.06,C
2305,Rachel,18,68.69,B
2306,Mike,22,60.22,C
2307,David,22,90.06,B
2308,David,24,89.04,D
2309,Emma,22,59.44,D
2310,David,25,54.64,C
2311,David,19,82.1,B
2312,David,19,57.36,F
2313,Alice,21,69.37,A
2314,John,19,61.52,F
2315,Nina,20,94.57,A
2316,James,25,61.45,C
2317,Nina,25,74.5,C
2318,Rachel,24,67.88,C
2319,John,23,62.13,D
2320,Emma,24,82.16,B
2321,Alice,18,60.46,B
2322,John,18,99.07,B
2323,Nina,21,72.59,B
2324,Rachel,24,64.05,D
2325,David,25,79.37,D
2326,John,24,55.46,B
2327,James,23,75.66,A
2328,Nina,24,83.25,C
2329,Sara,23,90.38,F
2330,Emma,20,79.7,C
2331,Mike,24,87.97,C
2332,David,24,86.97,D
2333,Emma,24,68.69,F
2334,Alice,18,59.63,F
2335,Emma,18,68.38,C
2336,Mike,24,65.02,C
2337,Mike,19,67.89,A
2338,Alice,21,99.42,B
2339,Alice,18,54.13,B
2340,Sara,25,65.13,F
2341,Nina,22,90.26,D
2342,Nina,22,83.21,D
2343,Sara,23,88.55,A
2344,Nina,19,95.9,D
2345,Alice,22,54.68,A
2346,Tom,19,60.8,C
2347,Rachel,20,66.41,F
2348,Tom,20,71.06,B
2349,Nina,20,68.68,B
2350,James,20,82.74,F
2351,Tom,18,85.23,A
2352,Emma,18,62.05,D
2353,Mike,19,70.99,F
2354,Alice,18,89.43,A
2355,Emma,20,56.02,D
2356,Tom,24,50.48,F
2357,Alice,20,62.01,A
2358,David,24,95.24,B
2359,Emma,21,82.88,F
2360,John,18,56.9,F
2361,Rachel,25,96.92,C
2362,John,18,60.25,A
2363,Mike,23,98.38,C
2364,John,19,54.09,D
2365,James,22,61.0,B
2366,Tom,20,69.69,C
2367,Emma,24,61.74,C
2368,Nina,22,81.73,A
2369,Emma,23,68.07,A
2370,Alice,21,63.74,D
2371,Alice,23,67.23,A
2372,John,22,53.55,A
2373,Nina,19,54.11,A
2374,David,24,80.0,A
2375,Alice,22,98.88,A
2376,Emma,21,92.87,F
2377,James,24,65.2,C
2378,Emma,25,64.6,F
2379,Emma,18,58.02,A
2380,Emma,22,73.79,C
2381,Emma,20,54.4,F
2382,Alice,23,64.32,F
2383,James,18,72.35,B
2384,Rachel,20,79.46,A
2385,David,20,90.36,D
2386,Mike,25,71.41,C
2387,James,20,75.3,C
2388,Tom,20,54.68,C
2389,Rachel,22,76.7,B
2390,Sara,22,63.87,A
2391,Emma,19,68.96,F
2392,John,19,98.72,C
2393,David,25,62.2,D
2394,Nina,21,67.96,B
2395,Mike,19,95.62,B
2396,Emma,21,82.78,B
2397,Mike,20,53.85,C
2398,John,21,63.07,B
2399,Sara,20,64.84,A
2400,Rachel,21,51.99,B
2401,John,20,96.71,B
2402,Alice,18,92.69,D
2403,Nina,25,85.75,D
2404,David,21,77.45,B
2405,Rachel,19,70.88,B
2406,Rachel,23,51.16,B
2407,James,23,80.88,B
2408,John,22,64.29,D
2409,Rachel,25,85.55,F
2410,David,21,64.93,C
2411,Sara,22,65.93,F
2412,Tom,25,82.05,F
2413,Nina,23,97.61,F
2414,David,24,71.79,B
2415,Sara,20,68.77,D
2416,Alice,20,96.71,F
2417,Alice,20,76.06,D
2418,David,23,78.75,B
2419,Sara,24,75.58,D
2420,Emma,24,80.87,A
2421,Rachel,25,68.3,A
2422,Nina,20,84.17,F
2423,Emma,21,85.05,C
2424,Nina,19,78.44,F
2425,Nina,25,65.36,D
2426,Emma,23,89.05,F
2427,Emma,21,93.76,A
2428,David,21,82.09,C
2429,Rachel,25,63.7,F
2430,James,20,83.08,F
2431,Emma,25,52.64,F
2432,Rachel,22,87.08,C
2433,David,24,72.23,C
2434,David,22,78.81,D
2435,Nina,22,67.9,B
2436,Mike,18,53.17,A
2437,Mike,18,58.51,F
2438,Mike,19,82.13,A
2439,John,18,68.39,F
2440,Rachel,18,58.93,B
2441,James,21,83.65,D
2442,Mike,18,63.92,C
2443,Tom,23,51.07,C
2444,David,23,91.37,B
2445,Emma,19,53.63,B
2446,Sara,18,84.78,B
2447,Rachel,24,89.62,B
2448,Emma,24,92.2,F
2449,James,19,68.78,F
2450,Mike,23,97.7,B
2451,Alice,23,65.76,C
2452,John,23,57.16,F
2453,John,20,68.01,D
2454,John,20,86.36,D
2455,Tom,19,82.62,D
2456,Mike,20,56.47,D
2457,Tom,25,90.19,A
2458,Mike,22,59.72,A
2459,David,23,81.16,B
2460,David,24,52.38,D
2461,Rachel,18,74.09,A
2462,James,25,97.58,D
2463,Tom,25,62.02,C
2464,David,23,91.46,D
2465,Emma,22,74.25,D
2466,Alice,23,84.79,B
2467,Rachel,25,89.82,C
2468,Tom,22,61.98,C
2469,James,24,86.6,D
2470,John,20,64.02,B
2471,Mike,18,79.05,B
2472,Alice,19,81.8,B
2473,Mike,25,83.49,D
2474,John,23,51.75,C
2475,Tom,23,86.63,F
2476,James,21,68.13,C
2477,Rachel,24,79.92,C
2478,James,18,57.09,C
2479,Alice,20,86.2,A
2480,Nina,20,71.55,A
2481,Sara,18,97.34,C
2482,John,25,75.2,F
2483,Rachel,20,95.6,C
2484,Sara,22,78.12,D
2485,Rachel,19,58.74,D
2486,Sara,22,56.08,D
2487,James,23,75.76,D
2488,Nina,18,72.8,D
2489,Tom,24,66.44,A
2490,Rachel,19,89.98,D
2491,John,18,96.44,C
2492,Rachel,19,73.11,F
2493,Emma,21,88.43,F
2494,James,25,60.38,B
2495,Tom,23,74.21,D
2496,Alice,20,55.93,F
2497,Alice,23,61.18,B
2498,Rachel,18,88.48,C
2499,John,23,58.76,C
2500,Emma,23,58.52,D
2501,James,23,85.63,F
2502,Emma,22,68.63,D
2503,Rachel,18,83.99,C
2504,James,25,86.12,A
2505,Emma,25,94.02,C
2506,John,19,84.34,D
2507,Emma,24,93.04,F
2508,Tom,24,88.35,C
2509,Nina,21,68.27,A
2510,Tom,23,85.36,F
2511,Tom,23,69.09,B
2512,John,25,68.83,A
2513,David,23,88.83,C
2514,David,18,51.54,D
2515,John,25,71.04,A
2516,David,25,97.59,C
2517,Sara,18,99.71,D
2518,James,20,98.15,C
2519,John,24,71.66,B
2520,Mike,21,73.32,F
2521,Tom,23,78.77,F
2522,James,21,64.15,B
2523,Tom,23,54.56,F
2524,Nina,23,53.18,C
2525,James,18,94.88,D
2526,Emma,22,64.87,F
2527,Alice,22,98.4,A
2528,Emma,21,85.41,B
2529,Tom,20,54.05,D
2530,Rachel,19,89.24,D
2531,Rachel,24,99.88,C
2532,Sara,18,68.1,D
2533,David,24,83.68,D
2534,Sara,21,88.65,A
2535,James,18,80.77,B
2536,Sara,18,53.15,C
2537,James,24,86.67,A
2538,Sara,21,97.65,A
2539,Nina,20,79.86,B
2540,Nina,23,72.22,D
2541,Nina,25,97.97,A
2542,Sara,24,87.76,D
2543,David,21,52.48,F
2544,David,21,54.6,F
2545,David,20,80.99,C
2546,James,19,90.21,D
2547,John,22,63.96,F
2548,Sara,20,70.38,B
2549,Rachel,25,67.67,A
2550,Mike,18,77.08,C
2551,David,20,99.91,F
2552,Sara,24,55.36,B
2553,Emma,22,99.2,F
2554,Emma,20,72.41,C
2555,Rachel,18,67.18,C
2556,Nina,24,77.8,B
2557,Tom,19,52.98,C
2558,Sara,21,81.78,A
2559,Emma,21,75.85,D
2560,James,20,87.66,D
2561,James,20,77.62,F
2562,James,18,86.0,D
2563,James,23,91.13,C
2564,John,25,69.42,D
2565,Sara,24,51.38,D
2566,Rachel,19,58.99,A
2567,Nina,25,68.93,A
2568,Emma,24,93.76,D
2569,David,18,50.65,D
2570,Sara,18,79.84,B
2571,Nina,21,99.74,A
2572,David,23,85.75,D
2573,Rachel,23,63.98,F
2574,Sara,23,88.87,B
2575,Tom,19,56.21,C
2576,Tom,21,59.78,A
2577,James,20,87.76,F
2578,Rachel,24,83.47,D
2579,Mike,19,91.92,D
2580,David,23,56.32,D
2581,Tom,18,96.6,C
2582,Sara,24,84.55,B
2583,Mike,19,99.18,A
2584,Alice,24,96.51,A
2585,James,21,51.1,A
2586,Sara,20,74.84,C
2587,Rachel,20,81.07,B
2588,David,20,91.58,C
2589,Emma,22,60.59,A
2590,Sara,18,81.25,D
2591,David,24,69.64,C
2592,Tom,23,54.55,A
2593,Mike,19,66.86,D
2594,Rachel,18,86.1,F
2595,Nina,21,71.63,B
2596,Tom,24,93.18,D
2597,Tom,19,50.91,C
2598,John,21,56.7,A
2599,John,18,58.39,D
2600,David,20,99.79,F
2601,Alice,20,81.1,D
2602,John,24,89.7,C
2603,David,21,59.79,F
2604,David,22,57.71,F
2605,Rachel,25,59.47,C
2606,Rachel,23,54.01,D
2607,John,25,70.4,C
2608,Nina,18,82.47,C
2609,Rachel,25,60.69,D
2610,Mike,24,96.9,B
2611,Alice,18,82.37,B
2612,Mike,19,78.88,A
2613,Tom,20,52.0,A
2614,David,18,73.55,F
2615,Alice,24,84.42,D
2616,Alice,21,96.44,F
2617,Rachel,21,68.34,B
2618,Rachel,23,81.01,B
2619,David,19,62.91,F
2620,James,23,70.77,B
2621,Emma,20,78.78,D
2622,Nina,22,60.45,F
2623,Emma,24,93.41,A
2624,Alice,18,67.05,B
2625,Emma,21,92.32,A
2626,Alice,23,72.61,D
2627,Emma,25,59.69,D
2628,Rachel,21,90.09,A
2629,John,18,90.79,A
2630,James,25,90.3,B
2631,Emma,22,93.85,F
2632,John,23,98.22,A
2633,Emma,24,60.08,B
2634,Tom,22,68.94,F
2635,John,21,76.82,D
2636,Mike,23,67.29,C
2637,David,20,87.69,A
2638,David,18,87.72,F
2639,James,18,58.91,F
2640,James,21,82.06,A
2641,Mike,23,98.08,B
2642,Alice,20,78.94,F
2643,James,21,94.98,C
2644,Mike,18,95.16,A
2645,Alice,23,94.87,A
2646,Tom,23,62.03,B
2647,John,18,93.91,A
2648,Sara,20,88.01,C
2649,James,20,57.23,C
2650,David,20,87.54,D
2651,James,24,89.73,B
2652,James,22,79.43,F
2653,James,20,67.48,B
2654,David,22,75.0,D
2655,Alice,18,71.93,C
2656,Rachel,22,98.23,F
2657,Nina,18,83.03,A
2658,John,21,89.11,A
2659,Sara,24,71.47,A
2660,Alice,19,70.67,F
2661,Sara,19,58.8,B
2662,Alice,18,66.83,B
2663,David,18,59.0,B
2664,Rachel,19,97.43,A
2665,Tom,24,50.68,A
2666,Rachel,20,97.33,D
2667,James,21,56.99,F
2668,Nina,18,73.09,A
2669,Mike,22,65.45,A
2670,Emma,22,95.81,D
2671,Tom,23,52.82,D
2672,Tom,18,68.46,C
2673,John,18,77.18,A
2674,David,20,79.59,B
2675,Rachel,22,87.1,A
2676,John,23,56.35,D
2677,Alice,23,90.14,C
2678,James,23,91.91,B
2679,Mike,22,97.78,B
2680,Sara,24,58.07,C
2681,Tom,22,58.03,A
2682,David,18,63.55,B
2683,Sara,22,98.98,B
2684,David,19,91.54,D
2685,Emma,20,64.62,A
2686,James,22,73.65,F
2687,Sara,22,55.41,A
2688,Tom,25,73.76,C
2689,Rachel,19,53.48,B
2690,Nina,18,80.78,B
2691,David,23,89.68,C
2692,Mike,22,87.23,F
2693,Tom,18,77.27,D
2694,Emma,25,62.15,B
2695,John,25,54.06,D
2696,Sara,25,53.02,B
2697,John,19,97.42,F
2698,Alice,24,83.5,A
2699,David,21,53.32,C
2700,David,22,60.12,D
2701,Rachel,19,92.43,C
2702,Tom,19,72.16,B
2703,James,24,59.87,C
2704,Nina,25,62.81,F
2705,Tom,19,56.22,F
2706,Rachel,20,88.12,B
2707,David,21,77.52,B
2708,Alice,23,79.56,C
2709,James,23,79.57,D
2710,David,24,91.31,C
2711,John,25,88.1,A
2712,Rachel,20,80.08,A
2713,Sara,19,91.36,B
2714,David,23,63.21,C
2715,David,21,60.2,F
2716,Nina,21,51.79,C
2717,Emma,21,71.52,B
2718,Nina,18,54.23,C
2719,David,22,64.12,D
2720,Sara,23,62.08,D
2721,Mike,24,66.18,D
2722,David,18,57.09,F
2723,Sara,21,97.24,D
2724,Alice,22,58.35,D
2725,Tom,20,59.27,F
2726,Rachel,23,55.51,C
2727,Rachel,21,87.13,A
2728,Emma,19,79.23,A
2729,Mike,24,52.97,B
2730,Sara,25,93.12,D
2731,John,18,63.07,D
2732,Tom,18,86.26,B
2733,James,19,67.8,C
2734,Tom,25,88.88,B
2735,Nina,18,73.18,F
2736,Alice,18,82.04,B
2737,Sara,19,69.96,C
2738,James,21,81.74,B
2739,Nina,22,84.72,C
2740,James,19,89.24,B
2741,David,18,68.76,F
2742,Rachel,21,57.08,F
2743,James,19,74.94,F
2744,Alice,18,64.77,B
2745,Sara,19,52.98,D
2746,James,23,88.94,F
2747,Nina,24,57.17,F
2748,Sara,19,70.46,C
2749,James,22,51.63,B
2750,Alice,25,84.86,A
2751,Sara,23,96.34,B
2752,Emma,23,99.64,D
2753,Tom,18,87.54,A
2754,David,21,84.57,A
2755,Sara,24,91.44,C
2756,David,22,96.85,B
2757,Rachel,18,69.65,B
2758,Emma,24,54.86,F
2759,Sara,19,92.89,F
2760,James,21,97.74,D
2761,Nina,19,77.14,C
2762,Emma,23,52.49,A
2763,John,19,84.46,A
2764,Alice,20,60.6,A
2765,John,24,61.15,A
2766,Mike,19,58.02,A
2767,Nina,18,77.13,D
2768,John,19,63.96,D
2769,James,20,60.79,B
2770,Rachel,18,93.0,D
2771,David,23,79.64,B
2772,David,19,53.98,A
2773,Alice,19,50.81,A
2774,John,25,63.78,B
2775,Tom,22,82.87,F
2776,Tom,22,84.98,F
2777,David,19,91.87,B
2778,John,25,86.38,D
2779,Mike,20,94.82,D
2780,Sara,22,50.96,B
2781,Nina,25,65.37,B
2782,Tom,20,64.26,F
2783,James,18,72.83,D
2784,Mike,25,50.66,F
2785,David,18,66.89,A
2786,Sara,22,76.28,F
2787,Sara,18,87.71,C
2788,Nina,21,93.15,D
2789,David,19,61.48,C
2790,James,25,51.67,D
2791,James,21,83.64,A
2792,David,24,96.22,D
2793,James,19,83.35,B
2794,James,20,70.26,B
2795,Sara,20,74.66,B
2796,David,23,56.53,A
2797,Emma,19,82.12,F
2798,John,19,63.14,A
2799,John,21,59.1,B
2800,Rachel,20,54.59,C
2801,Emma,24,92.03,C
2802,Rachel,23,87.35,B
2803,Sara,24,67.3,A
2804,Alice,24,85.89,A
2805,Mike,20,60.18,C
2806,Nina,18,89.29,F
2807,Tom,21,58.5,F
2808,Mike,19,79.07,A
2809,Alice,22,73.04,A
2810,Tom,21,71.37,D
2811,John,18,55.3,B
2812,David,21,58.95,A
2813,Nina,18,52.1,C
2814,Sara,25,55.58,C
2815,Rachel,19,71.01,F
2816,Emma,25,92.88,B
2817,David,20,94.99,D
2818,David,20,82.29,A
2819,Emma,25,86.56,D
2820,James,25,56.6,F
2821,Tom,21,70.47,F
2822,Emma,23,99.19,A
2823,Nina,19,56.41,C
2824,David,22,80.36,B
2825,Alice,21,87.53,C
2826,Emma,22,79.53,B
2827,Rachel,25,73.2,A
2828,Tom,21,53.0,F
2829,Rachel,18,52.45,A
2830,Sara,18,99.94,D
2831,David,21,97.64,F
2832,David,19,85.37,C
2833,James,23,63.01,C
2834,Sara,25,68.89,F
2835,Sara,18,51.95,A
2836,David,19,93.93,F
2837,John,24,75.14,D
2838,Rachel,20,89.4,A
2839,Nina,21,51.52,A
2840,Mike,21,52.28,D
2841,Mike,20,85.05,B
2842,David,24,73.57,D
2843,Sara,20,93.57,F
2844,Sara,24,53.22,C
2845,John,22,98.38,A
2846,Nina,22,93.17,C
2847,Sara,22,75.96,A
2848,Mike,24,56.15,D
2849,Sara,19,95.24,D
2850,John,21,61.25,A
2851,John,25,97.84,A
2852,Nina,22,91.94,C
2853,Alice,23,95.76,B
2854,Emma,21,53.59,F
2855,John,18,68.19,F
2856,Rachel,22,61.83,D
2857,John,23,61.71,C
2858,Nina,18,93.8,F
2859,James,19,96.73,B
2860,Emma,20,66.15,F
2861,Rachel,20,58.9,D
2862,John,22,84.85,A
2863,Rachel,22,69.69,F
2864,Sara,25,50.13,F
2865,Rachel,19,92.01,B
2866,Mike,23,75.99,F
2867,James,18,60.4,D
2868,James,20,90.3,A
2869,Nina,24,86.7,C
2870,Alice,22,73.95,F
2871,Mike,19,82.23,A
2872,Nina,25,86.68,A
2873,Sara,21,51.08,B
2874,James,18,89.48,D
2875,Rachel,21,63.45,B
2876,Nina,25,66.29,C
2877,Mike,23,57.0,B
2878,Nina,23,65.0,B
2879,Rachel,24,64.31,D
2880,David,24,53.68,B
2881,John,20,56.08,D
2882,Nina,18,50.79,A
2883,John,25,90.67,B
2884,Alice,22,94.74,C
2885,John,24,87.87,D
2886,Nina,18,84.66,A
2887,James,18,82.13,F
2888,David,20,51.89,D
2889,Tom,18,81.74,D
2890,Tom,18,74.39,F
2891,Alice,25,98.73,A
2892,Tom,18,94.66,D
2893,Tom,25,91.53,C
2894,John,25,95.09,B
2895,Tom,21,77.13,F
2896,Emma,19,66.75,D
2897,Tom,23,86.89,D
2898,Mike,25,62.31,D
2899,Tom,22,60.96,B
2900,John,19,51.33,F
2901,Sara,24,89.31,C
2902,David,22,70.25,F
2903,James,21,95.51,F
2904,John,19,97.11,D
2905,Sara,18,95.32,B
2906,Emma,24,57.37,D
2907,Sara,19,66.79,A
2908,Rachel,25,67.71,B
2909,Mike,19,69.08,A
2910,Mike,18,51.64,A
2911,John,22,82.83,B
2912,John,20,80.09,D
2913,Rachel,22,64.58,F
2914,James,20,90.8,C
2915,James,23,79.19,A
2916,James,18,64.27,F
2917,Alice,19,97.17,F
2918,John,18,52.98,F
2919,David,19,51.96,A
2920,John,24,77.58,D
2921,Sara,22,95.92,A
2922,David,22,80.77,A
2923,John,19,54.84,A
2924,James,23,59.2,C
2925,Rachel,21,61.01,A
2926,Tom,18,50.17,D
2927,Emma,18,76.23,A
2928,John,19,56.06,C
2929,Tom,18,50.52,D
2930,Rachel,21,69.32,C
2931,David,23,76.46,F
2932,Sara,23,59.61,C
2933,John,24,79.42,C
2934,Alice,20,72.75,F
2935,Nina,18,58.09,B
2936,Tom,23,71.45,A
2937,David,21,96.5,F
2938,Mike,20,88.62,A
2939,John,18,52.76,F
2940,James,21,54.14,D
2941,Emma,20,82.65,B
2942,Alice,18,85.29,F
2943,David,22,74.55,F
2944,David,24,61.57,A
2945,John,25,70.84,D
2946,John,21,79.39,F
2947,Tom,19,90.09,C
2948,Rachel,19,83.55,B
2949,Alice,20,89.23,C
2950,Sara,20,58.18,A
2951,Emma,23,53.23,B
2952,David,20,79.8,B
2953,Sara,20,95.51,D
2954,Rachel,21,87.4,A
2955,Emma,24,77.68,F
2956,James,23,67.79,A
2957,David,19,70.13,B
2958,Mike,23,75.32,A
2959,Mike,22,63.93,B
2960,Emma,18,88.67,D
2961,Emma,21,60.52,D
2962,Alice,20,73.92,C
2963,Tom,19,67.09,B
2964,David,19,98.87,F
2965,Tom,22,84.65,B
2966,James,22,84.96,B
2967,Alice,18,94.9,B
2968,Rachel,25,75.49,B
2969,Tom,21,64.22,F
2970,James,25,84.76,D
2971,Nina,20,50.4,A
2972,Mike,24,71.74,A
2973,David,21,89.27,B
2974,James,24,99.02,C
2975,Nina,23,57.08,C
2976,Rachel,20,52.96,B
2977,Emma,24,92.4,C
2978,Nina,21,65.02,B
2979,David,20,93.58,A
2980,James,20,58.72,D
2981,John,22,68.05,B
2982,Sara,19,82.54,D
2983,Emma,23,52.46,C
2984,Sara,22,86.26,B
2985,Tom,24,93.04,A
2986,Sara,21,82.91,A
2987,John,19,72.85,D
2988,Sara,18,51.5,A
2989,Emma,19,94.29,D
2990,Rachel,19,60.46,A
2991,Mike,23,54.45,A
2992,Sara,21,83.82,C
2993,David,21,95.49,B
2994,Nina,24,85.94,B
2995,Alice,18,90.73,B
2996,John,19,91.44,C
2997,Sara,21,91.07,F
2998,Mike,25,65.35,C
2999,James,25,73.98,F
3000,Emma,20,50.94,F
3001,Sara,24,87.99,A
3002,Emma,22,87.07,A
3003,Tom,21,88.56,B
3004,Sara,23,96.74,D
3005,James,23,68.32,C
3006,John,18,60.49,C
3007,Nina,18,64.42,C
3008,Sara,20,69.93,C
3009,James,21,97.87,C
3010,David,19,75.88,A
3011,Alice,18,88.48,D
3012,Tom,19,67.51,A
3013,James,23,54.23,C
3014,Nina,22,96.45,D
3015,Alice,24,70.73,F
3016,Mike,22,90.51,B
3017,Mike,19,58.63,C
3018,Rachel,25,64.5,B
3019,Sara,22,78.0,D
3020,James,19,53.86,F
3021,Tom,18,78.53,B
3022,James,21,67.4,F
3023,David,23,90.82,F
3024,Alice,23,87.66,D
3025,Emma,21,57.15,D
3026,John,22,66.6,C
3027,Emma,19,52.01,A
3028,Tom,23,57.56,B
3029,John,25,53.46,C
3030,Nina,19,89.86,C
3031,Nina,18,51.54,B
3032,Emma,19,52.81,B
3033,Alice,20,51.12,B
3034,Alice,18,78.74,B
3035,Tom,21,68.07,C
3036,John,24,50.48,A
3037,Tom,20,82.01,B
3038,Sara,24,86.79,F
3039,Nina,21,66.69,C
3040,Emma,18,91.25,F
3041,Rachel,23,64.85,D
3042,Sara,18,66.73,C
3043,Tom,18,98.99,B
3044,John,24,81.06,F
3045,Nina,23,55.26,A
3046,Tom,19,63.53,F
3047,Tom,19,66.83,C
3048,Sara,23,98.59,B
3049,Tom,20,92.31,B
3050,Emma,19,83.96,B
3051,David,22,50.56,F
3052,Nina,23,99.6,C
3053,Mike,24,94.19,A
3054,John,18,59.09,D
3055,John,21,78.53,A
3056,David,18,88.9,B
3057,Sara,22,83.48,B
3058,Sara,23,89.31,D
3059,David,20,59.28,D
3060,Emma,21,69.34,B
3061,Tom,19,73.22,A
3062,Tom,24,99.96,C
3063,John,25,96.03,C
3064,Mike,24,73.58,F
3065,Emma,25,59.65,B
3066,James,23,84.25,C
3067,David,18,82.56,F
3068,David,23,79.28,C
3069,Rachel,21,64.19,C
3070,Tom,24,71.34,A
3071,Tom,24,53.48,F
3072,James,22,78.59,A
3073,John,20,85.47,B
3074,Nina,19,89.34,C
3075,Alice,22,63.57,B
3076,James,24,74.97,F
3077,James,19,55.2,F
3078,Tom,21,95.45,A
3079,Sara,23,71.43,B
3080,Sara,18,54.68,A
3081,John,23,70.4,F
3082,James,18,85.53,A
3083,Tom,25,97.57,A
3084,Nina,21,65.05,D
3085,Alice,23,89.81,C
3086,James,21,63.83,F
3087,Mike,25,88.37,A
3088,Emma,18,93.85,A
3089,Nina,24,57.97,F
3090,Emma,21,61.68,C
3091,James,22,61.91,A
3092,Tom,19,82.23,F
3093,Mike,21,99.2,F
3094,Tom,20,88.81,D
3095,John,23,97.61,A
3096,Rachel,24,79.84,A
3097,David,19,97.24,D
3098,Mike,21,53.14,B
3099,John,25,67.82,A
3100,James,18,62.43,D
3101,Emma,25,57.75,D
3102,John,18,71.49,F
3103,Rachel,25,53.28,B
3104,Rachel,24,82.42,F
3105,John,25,64.04,A
3106,John,19,76.3,F
3107,John,21,57.56,C
3108,James,22,66.2,C
3109,Alice,25,60.92,F
3110,Mike,19,50.97,D
3111,John,20,95.68,A
3112,Emma,25,66.43,C
3113,Sara,18,92.39,D
3114,Mike,19,91.28,C
3115,Sara,25,84.71,C
3116,Tom,21,65.6,A
3117,Alice,22,70.48,C
3118,Rachel,25,66.68,C
3119,Alice,19,66.73,B
3120,Rachel,25,67.53,D
3121,Emma,21,99.54,F
3122,Alice,18,55.44,B
3123,Mike,21,72.69,A
3124,John,24,55.2,F
3125,Sara,24,78.53,A
3126,Mike,21,62.7,B
3127,John,22,68.51,A
3128,Mike,24,90.44,A
3129,James,24,74.77,A
3130,David,24,95.68,B
3131,David,23,83.12,C
3132,Emma,21,84.34,A
3133,John,21,80.06,F
3134,Mike,24,60.55,B
3135,Rachel,21,97.94,A
3136,Emma,23,96.46,F
3137,Emma,20,60.67,D
3138,James,20,98.46,C
3139,David,20,94.32,D
3140,Alice,21,58.03,F
3141,David,21,67.14,C
3142,Emma,24,86.16,C
3143,Rachel,25,59.05,D
3144,Nina,21,91.87,D
3145,Alice,20,52.88,A
3146,David,22,64.61,B
3147,Rachel,21,97.56,C
3148,Emma,25,68.29,B
3149,Mike,21,65.07,B
3150,Nina,18,54.66,D
3151,Tom,25,91.17,F
3152,Rachel,23,99.56,C
3153,David,18,64.49,D
3154,Mike,22,60.49,B
3155,John,25,98.17,A
3156,Emma,25,76.48,B
3157,James,22,56.56,D
3158,Tom,23,98.0,F
3159,Nina,25,62.35,D
3160,Sara,18,73.88,A
3161,Alice,24,62.87,F
3162,Tom,25,76.56,A
3163,Sara,22,70.78,D
3164,James,20,91.45,A
3165,John,21,91.35,D
3166,Alice,22,55.92,B
3167,David,24,81.72,F
3168,Emma,25,59.73,A
3169,Rachel,22,63.29,D
3170,James,23,99.37,C
3171,Rachel,23,84.73,B
3172,Nina,25,80.29,A
3173,Nina,20,76.94,F
3174,Sara,25,70.56,A
3175,Sara,24,72.3,F
3176,Emma,20,55.84,D
3177,Emma,25,56.49,A
3178,Alice,19,67.54,C
3179,Nina,20,70.45,F
3180,Mike,22,67.54,B
3181,David,21,90.1,A
3182,Sara,24,66.06,D
3183,David,20,60.74,F
3184,Mike,19,99.12,C
3185,Rachel,22,78.83,A
3186,Sara,20,86.14,A
3187,Tom,23,76.95,F
3188,Alice,19,51.44,A
3189,Mike,25,90.91,B
3190,David,18,95.85,C
3191,Nina,24,96.34,C
3192,Tom,24,60.32,C
3193,Alice,18,63.84,B
3194,Mike,21,52.73,A
3195,Alice,19,69.65,A
3196,Emma,24,81.87,A
3197,David,22,60.91,C
3198,Mike,25,89.8,C
3199,Rachel,20,93.61,D
3200,John,20,55.91,A
3201,Mike,22,98.15,C
3202,Alice,21,60.3,D
3203,Sara,22,51.92,D
3204,Rachel,22,85.07,D
3205,Sara,25,83.02,B
3206,Rachel,18,86.03,A
3207,Emma,23,95.09,B
3208,Rachel,22,76.07,D
3209,John,21,63.93,D
3210,Mike,19,55.8,D
3211,Emma,20,91.73,C
3212,James,23,82.3,F
3213,Rachel,18,62.43,D
3214,Tom,21,53.47,B
3215,Alice,18,82.31,C
3216,Alice,20,85.82,D
3217,Mike,19,92.72,B
3218,Mike,20,50.46,D
3219,Mike,22,61.38,A
3220,Rachel,18,83.3,A
3221,Sara,25,72.97,D
3222,Nina,23,53.6,D
3223,Tom,22,71.07,F
3224,Rachel,18,82.77,D
3225,Tom,21,51.42,A
3226,Emma,18,59.18,A
3227,Sara,22,89.98,A
3228,Alice,24,84.23,F
3229,Tom,25,75.62,C
3230,Emma,20,72.48,A
3231,David,20,81.61,D
3232,Rachel,21,64.28,F
3233,John,23,80.81,A
3234,Sara,20,75.15,D
3235,John,25,73.49,A
3236,Nina,24,61.94,F
3237,John,23,64.52,A
3238,James,25,97.32,F
3239,Emma,19,62.67,D
3240,Mike,23,67.8,C
3241,John,22,99.64,F
3242,Mike,24,50.3,F
3243,John,25,73.93,B
3244,Mike,23,53.26,C
3245,James,22,79.25,F
3246,Tom,22,90.09,B
3247,James,24,95.43,F
3248,Emma,23,66.24,B
3249,Sara,21,92.39,D
3250,Alice,19,62.86,F
3251,David,19,88.19,D
3252,John,22,82.63,C
3253,Nina,19,99.66,B
3254,Emma,18,80.09,F
3255,Nina,24,74.02,A
3256,Mike,22,83.98,A
3257,Mike,25,64.13,F
3258,Tom,19,88.72,B
3259,Tom,19,95.46,A
3260,John,21,85.2,D
3261,Alice,24,99.51,C
3262,Emma,21,86.77,F
3263,Tom,24,96.83,C
3264,Alice,19,75.41,A
3265,James,24,70.4,F
3266,Nina,23,68.79,C
3267,Nina,18,79.3,B
3268,Sara,18,66.8,C
3269,James,25,96.85,F
3270,Alice,25,54.26,B
3271,Alice,24,84.46,A
3272,James,25,66.76,D
3273,Tom,22,69.97,C
3274,Alice,23,87.92,F
3275,John,24,72.21,B
3276,Alice,22,63.55,D
3277,Tom,18,77.43,B
3278,Mike,20,57.94,A
3279,David,19,75.18,D
3280,Nina,21,69.81,A
3281,John,22,78.83,B
3282,James,24,94.28,C
3283,John,24,87.78,C
3284,Mike,22,84.32,C
3285,Mike,22,90.45,C
3286,Rachel,20,94.92,C
3287,David,20,85.15,A
3288,Alice,22,85.48,B
3289,Emma,22,53.4,A
3290,Mike,24,72.0,F
3291,Rachel,21,65.5,A
3292,Rachel,18,57.58,A
3293,Alice,24,87.22,D
3294,Sara,23,72.28,F
3295,David,21,70.52,A
3296,David,22,74.44,A
3297,John,23,85.78,F
3298,James,23,92.8,C
3299,Alice,21,70.25,F
3300,Emma,18,67.76,A
3301,Emma,25,98.66,F
3302,Nina,21,82.62,A
3303,Sara,19,82.97,B
3304,Mike,22,78.74,B
3305,John,18,54.43,F
3306,John,25,89.59,D
3307,David,18,93.41,B
3308,Nina,19,61.18,B
3309,James,19,56.12,F
3310,Mike,19,80.48,C
3311,Rachel,22,59.75,A
3312,Sara,25,66.07,C
3313,Rachel,21,59.43,B
3314,Sara,24,91.94,C
3315,Nina,21,93.3,F
3316,David,21,63.69,F
3317,Tom,19,98.26,C
3318,Emma,18,84.24,C
3319,James,20,81.47,F
3320,Rachel,20,90.44,C
3321,Rachel,20,83.1,B
3322,Nina,19,93.41,D
3323,Tom,19,73.94,A
3324,Emma,22,52.24,A
3325,James,23,79.23,D
3326,Emma,22,50.22,A
3327,Rachel,20,58.22,A
3328,Tom,22,51.34,B
3329,Tom,20,82.96,C
3330,Nina,22,64.25,B
3331,John,21,84.53,F
3332,Emma,25,56.64,C
3333,Sara,20,53.98,B
3334,John,22,51.41,B
3335,John,18,82.19,B
3336,Rachel,19,78.16,B
3337,Mike,23,86.69,D
3338,John,22,68.67,B
3339,Nina,22,75.23,C
3340,Mike,25,80.43,B
3341,Tom,22,79.62,D
3342,Emma,22,65.08,A
3343,Mike,21,78.14,D
3344,David,20,54.82,B
3345,Nina,22,91.11,F
3346,David,24,50.41,C
3347,Emma,23,98.23,B
3348,Rachel,19,78.34,B
3349,Nina,20,90.1,C
3350,Tom,24,65.97,C
3351,Emma,19,84.9,C
3352,Nina,20,50.07,D
3353,John,21,83.02,A
3354,John,22,65.03,B
3355,Sara,22,73.2,B
3356,David,24,89.98,F
3357,David,21,57.36,B
3358,Rachel,23,78.1,B
3359,John,22,84.61,C
3360,Emma,20,79.74,C
3361,Tom,23,78.85,F
3362,Emma,21,85.45,B
3363,Tom,21,54.89,A
3364,Rachel,22,97.93,A
3365,Rachel,23,93.62,F
3366,James,21,96.54,D
3367,Mike,20,95.64,F
3368,Tom,21,66.83,D
3369,John,22,91.53,F
3370,Rachel,18,61.94,F
3371,Tom,19,88.96,D
3372,Rachel,23,68.12,B
3373,Emma,25,52.8,D
3374,Alice,19,75.2,A
3375,David,24,66.36,D
3376,Sara,21,74.15,B
3377,James,25,66.68,C
3378,Tom,21,54.57,D
3379,Mike,21,92.19,F
3380,John,25,51.83,F
3381,Rachel,24,82.17,F
3382,James,22,60.27,C
3383,James,18,52.21,A
3384,Emma,21,99.93,D
3385,John,23,89.67,D
3386,Sara,24,63.51,A
3387,David,24,52.76,A
3388,Alice,18,83.3,D
3389,Emma,24,55.69,A
3390,Sara,23,56.75,B
3391,Nina,21,85.4,B
3392,Emma,21,93.82,D
3393,John,24,75.41,B
3394,Rachel,23,99.97,D
3395,Sara,21,66.56,D
3396,Alice,23,77.64,D
3397,Nina,18,92.55,A
3398,Mike,19,61.48,B
3399,Tom,20,91.05,A
3400,Rachel,23,58.21,C
3401,Alice,25,64.36,D
3402,James,23,73.36,F
3403,David,21,99.33,C
3404,Alice,24,69.38,C
3405,John,23,70.36,F
3406,Sara,21,98.39,B
3407,Sara,24,68.67,C
3408,Tom,20,96.25,B
3409,Nina,18,85.14,C
3410,Rachel,23,70.39,A
3411,Mike,19,61.16,B
3412,Sara,23,67.68,F
3413,James,22,87.99,F
3414,Nina,25,98.08,A
3415,Tom,21,53.34,B
3416,Sara,25,58.91,B
3417,Nina,19,58.98,D
3418,Nina,18,57.52,B
3419,Mike,21,75.55,C
3420,John,22,89.16,B
3421,Rachel,25,89.46,F
3422,James,24,89.03,A
3423,Alice,21,53.69,F
3424,Emma,20,83.88,D
3425,David,20,73.29,B
3426,David,18,80.69,C
3427,David,20,79.47,A
3428,Emma,25,69.97,A
3429,John,18,93.77,D
3430,Rachel,25,63.23,B
3431,James,20,56.3,D
3432,Emma,25,62.62,B
3433,Rachel,20,89.93,A
3434,Tom,19,82.86,B
3435,Nina,20,67.66,C
3436,Mike,24,66.24,B
3437,Tom,21,62.74,F
3438,Sara,20,77.82,D
3439,Alice,23,69.48,C
3440,John,18,54.54,C
3441,James,21,98.35,A
3442,Emma,18,96.99,A
3443,Emma,19,51.57,A
3444,Mike,23,64.58,B
3445,Rachel,25,59.5,F
3446,Tom,21,59.89,F
3447,Mike,18,50.28,C
3448,James,21,98.22,D
3449,Mike,24,53.39,F
3450,Mike,22,85.7,A
3451,John,21,73.61,D
3452,Nina,21,84.88,A
3453,Alice,19,82.45,D
3454,Mike,18,96.13,D
3455,Rachel,24,77.51,C
3456,Tom,25,96.82,C
3457,Alice,20,61.2,C
3458,Alice,24,58.41,F
3459,Emma,25,69.99,D
3460,Rachel,21,64.73,B
3461,Tom,22,95.2,B
3462,Mike,19,52.69,C
3463,Alice,21,51.25,B
3464,John,24,74.42,F
3465,Tom,22,58.89,F
3466,Sara,22,87.94,A
3467,Emma,19,89.96,D
3468,Tom,20,62.03,A
3469,Emma,20,64.26,B
3470,James,21,87.03,B
3471,James,19,98.38,F
3472,Alice,22,80.96,C
3473,David,19,67.78,D
3474,John,24,53.37,D
3475,Nina,22,74.65,D
3476,Mike,18,92.95,A
3477,David,23,80.72,B
3478,Tom,18,74.0,B
3479,Nina,18,90.18,D
3480,Sara,25,60.85,F
3481,John,20,54.24,A
3482,John,18,65.97,C
3483,John,21,84.0,D
3484,James,23,81.8,C
3485,Sara,22,65.12,C
3486,Tom,18,52.85,F
3487,Rachel,25,81.94,C
3488,Alice,25,93.35,A
3489,Nina,23,81.84,B
3490,Sara,23,75.05,F
3491,Rachel,22,61.45,C
3492,Nina,25,94.82,B
3493,Tom,21,89.81,A
3494,Sara,21,89.92,A
3495,Emma,18,72.26,F
3496,John,23,61.97,B
3497,Alice,21,91.4,F
3498,Sara,22,58.7,F
3499,Tom,21,77.78,D
3500,Emma,18,77.33,D
3501,Alice,24,82.82,C
3502,Sara,25,66.21,A
3503,Tom,22,74.92,C
3504,Emma,21,92.83,F
3505,James,24,89.21,F
3506,Tom,23,86.13,C
3507,Rachel,23,69.6,D
3508,David,18,85.74,B
3509,Emma,18,86.67,A
3510,Alice,21,72.07,D
3511,Alice,18,66.41,D
3512,Nina,20,87.79,D
3513,Nina,21,82.4,C
3514,Alice,21,99.17,A
3515,James,24,96.26,B
3516,James,23,96.24,B
3517,Sara,25,92.06,A
3518,James,22,64.69,D
3519,David,24,95.43,C
3520,Tom,21,80.15,C
3521,Alice,23,97.62,C
3522,Emma,20,61.08,C
3523,John,23,65.33,F
3524,John,18,70.43,A
3525,Rachel,20,72.44,B
3526,John,18,80.83,C
3527,John,25,54.7,F
3528,Emma,21,51.22,F
3529,Emma,23,76.63,B
3530,Rachel,20,74.47,C
3531,Alice,21,53.8,B
3532,John,24,70.74,C
3533,James,22,64.86,B
3534,Mike,24,87.51,A
3535,Sara,25,89.17,F
3536,Sara,23,75.45,F
3537,James,25,54.41,C
3538,Mike,18,95.05,F
3539,James,22,59.68,C
3540,Tom,21,67.11,D
3541,James,20,50.4,A
3542,Sara,23,76.98,F
3543,Emma,20,95.7,F
3544,Nina,24,67.5,B
3545,Alice,24,97.36,A
3546,Sara,24,71.33,C
3547,Emma,23,50.45,B
3548,John,20,80.02,B
3549,Emma,24,67.24,C
3550,Nina,23,71.96,A
3551,Mike,19,65.78,F
3552,Sara,20,92.47,F
3553,Sara,18,62.09,C
3554,Sara,23,84.38,F
3555,Nina,22,70.86,C
3556,James,23,78.75,A
3557,Nina,22,61.18,F
3558,Sara,25,77.74,A
3559,Mike,21,58.46,D
3560,Rachel,25,62.92,D
3561,Tom,22,99.18,A
3562,Mike,25,57.78,F
3563,Rachel,21,86.65,D
3564,David,18,52.36,D
3565,Nina,21,80.44,C
3566,Sara,25,51.93,C
3567,Alice,22,66.19,A
3568,David,21,99.21,A
3569,Sara,22,63.77,B
3570,Tom,18,83.61,D
3571,Tom,20,90.25,F
3572,David,24,92.93,B
3573,Alice,25,77.83,C
3574,Nina,21,66.0,C
3575,Mike,20,64.7,D
3576,Mike,24,53.4,C
3577,Tom,20,76.07,B
3578,James,24,99.47,D
3579,Alice,21,84.32,C
3580,Alice,20,75.13,D
3581,Sara,20,50.92,F
3582,John,23,94.92,F
3583,Emma,24,59.87,D
3584,Alice,24,61.4,B
3585,Rachel,18,61.1,A
3586,Mike,25,85.81,F
3587,Alice,20,73.88,A
3588,James,25,70.2,F
3589,Mike,23,52.71,B
3590,Nina,20,78.23,A
3591,Nina,19,54.15,B
3592,Rachel,23,89.57,B
3593,Sara,22,83.99,D
3594,David,21,81.66,B
3595,Nina,24,58.56,B
3596,Nina,19,99.6,F
3597,Emma,22,54.14,B
3598,Emma,21,89.53,A
3599,Alice,21,66.56,F
3600,Sara,20,66.9,C
3601,Nina,23,67.46,C
3602,Nina,19,72.47,D
3603,Tom,25,86.79,F
3604,John,18,81.02,C
3605,Rachel,19,63.01,B
3606,Tom,23,64.8,B
3607,Tom,23,98.95,B
3608,Alice,19,77.56,D
3609,David,19,54.1,A
3610,James,21,73.94,F
3611,David,20,74.49,C
3612,Alice,19,90.4,C
3613,Tom,21,56.69,D
3614,Rachel,18,54.51,F
3615,James,23,79.4,A
3616,Rachel,23,67.81,B
3617,David,19,86.49,D
3618,John,18,82.1,C
3619,Nina,22,58.57,D
3620,John,19,61.4,F
3621,James,23,94.62,C
3622,Nina,21,81.44,B
3623,Alice,22,66.05,F
3624,Tom,23,91.19,C
3625,John,20,78.77,F
3626,James,21,60.36,C
3627,Mike,18,97.67,A
3628,David,23,60.44,F
3629,Nina,18,73.8,A
3630,Alice,23,88.47,B
3631,Alice,21,73.11,A
3632,Rachel,23,50.71,D
3633,Sara,19,71.03,D
3634,Alice,22,70.1,D
3635,Emma,20,68.8,A
3636,Rachel,24,56.53,D
3637,Alice,23,61.48,A
3638,Nina,24,71.3,D
3639,David,18,54.59,D
3640,Rachel,18,88.15,D
3641,David,19,85.36,A
3642,Alice,19,75.33,B
3643,Emma,23,77.32,A
3644,Mike,23,64.56,D
3645,James,23,72.41,B
3646,Tom,25,62.48,C
3647,Alice,22,66.7,F
3648,John,20,51.77,A
3649,Mike,20,61.87,D
3650,Mike,21,51.41,F
3651,Rachel,19,90.09,A
3652,Nina,25,50.47,B
3653,Tom,25,76.62,C
3654,David,18,91.68,D
3655,Sara,24,81.65,B
3656,Tom,18,89.09,B
3657,Emma,21,58.47,B
3658,Nina,21,87.75,A
3659,Nina,24,55.4,C
3660,Sara,18,86.2,B
3661,Sara,20,59.45,D
3662,Sara,24,80.65,C
3663,John,22,78.71,D
3664,David,18,89.93,D
3665,Mike,25,97.24,C
3666,Mike,19,99.3,C
3667,Tom,18,79.27,B
3668,Rachel,18,65.65,C
3669,Alice,22,68.08,B
3670,Mike,19,59.13,C
3671,Tom,18,88.86,D
3672,Sara,19,77.28,D
3673,James,18,76.59,A
3674,Mike,19,81.37,B
3675,James,21,72.76,C
3676,Rachel,20,51.69,B
3677,Sara,19,90.89,B
3678,James,21,85.3,A
3679,Alice,24,55.98,C
3680,Nina,18,93.94,A
3681,Rachel,22,91.67,C
3682,Nina,21,87.06,D
3683,Sara,22,94.27,B
3684,Tom,23,84.04,D
3685,Emma,22,75.17,B
3686,Rachel,24,57.19,D
3687,Emma,25,82.0,A
3688,Alice,19,72.01,C
3689,Rachel,25,73.93,A
3690,John,18,54.09,A
3691,Nina,25,52.54,B
3692,John,23,93.65,B
3693,Alice,24,92.92,A
3694,James,20,87.97,A
3695,Alice,21,81.91,B
3696,Tom,19,59.96,B
3697,David,23,63.54,A
3698,David,20,96.01,A
3699,Mike,22,56.37,D
3700,Nina,25,77.63,D
3701,John,25,55.63,A
3702,Sara,23,96.99,D
3703,Mike,18,88.49,A
3704,Tom,19,81.1,C
3705,James,25,61.25,A
3706,David,19,65.0,C
3707,Sara,19,50.41,C
3708,Alice,24,55.02,A
3709,David,22,60.96,C
3710,Sara,19,90.14,A
3711,Alice,25,92.1,B
3712,John,18,79.81,A
3713,John,23,75.36,C
3714,Mike,21,70.52,D
3715,James,24,71.68,A
3716,Mike,20,55.78,C
3717,Rachel,24,69.16,B
3718,Mike,22,67.92,D
3719,David,24,90.48,B
3720,Emma,23,73.05,F
3721,James,24,93.59,F
3722,Mike,25,66.99,B
3723,Mike,24,95.18,B
3724,Tom,23,83.69,D
3725,Alice,23,89.74,D
3726,Rachel,24,95.0,A
3727,Tom,21,90.18,D
3728,John,25,83.19,A
3729,Rachel,21,82.39,A
3730,David,18,77.36,C
3731,Tom,20,93.95,B
3732,Rachel,21,61.05,F
3733,Nina,19,65.51,A
3734,Nina,19,94.4,F
3735,James,18,88.04,D
3736,John,24,87.88,A
3737,John,24,81.8,D
3738,Rachel,18,96.64,A
3739,David,20,52.43,F
3740,Rachel,19,77.51,A
3741,Mike,22,62.32,D
3742,Rachel,24,70.07,A
3743,Rachel,18,63.46,A
3744,Sara,23,79.37,A
3745,Emma,19,67.3,A
3746,Sara,21,90.89,F
3747,Nina,22,72.76,D
3748,Nina,19,91.78,F
3749,Sara,18,88.49,F
3750,Nina,20,50.47,C
3751,Alice,25,72.62,B
3752,Mike,21,68.93,B
3753,Rachel,20,58.98,F
3754,David,23,98.64,D
3755,James,25,76.65,A
3756,Emma,19,65.55,F
3757,James,25,79.46,A
3758,Emma,19,94.73,A
3759,John,19,53.6,C
3760,John,19,55.41,C
3761,James,24,67.54,D
3762,James,24,89.04,B
3763,Tom,22,57.47,B
3764,James,24,51.9,A
3765,Rachel,18,61.91,D
3766,John,22,66.64,B
3767,James,21,73.68,A
3768,Tom,25,83.57,F
3769,David,24,74.55,B
3770,Mike,24,57.9,C
3771,James,24,59.71,D
3772,Emma,21,55.55,D
3773,Alice,24,74.45,B
3774,Nina,21,56.48,A
3775,Tom,21,58.77,C
3776,James,19,50.06,F
3777,Tom,25,83.59,A
3778,Emma,21,57.11,A
3779,David,20,68.96,A
3780,Emma,22,60.54,C
3781,David,24,61.55,D
3782,Mike,18,57.79,D
3783,David,19,86.38,F
3784,Emma,21,70.66,C
3785,Alice,18,60.11,C
3786,James,24,53.04,B
3787,David,20,90.32,A
3788,Sara,21,96.18,F
3789,Nina,22,63.63,D
3790,Alice,21,59.55,D
3791,Tom,22,78.17,B
3792,Tom,21,86.38,A
3793,Nina,24,74.48,F
3794,Emma,18,70.2,F
3795,Nina,22,90.32,B
3796,Nina,23,77.7,B
3797,James,24,84.77,B
3798,Alice,23,70.1,B
3799,David,23,87.46,C
3800,Alice,23,78.95,C
3801,Tom,23,74.93,A
3802,Sara,23,95.33,D
3803,Sara,22,73.58,C
3804,Nina,22,60.43,C
3805,Sara,23,56.69,F
3806,James,23,71.32,C
3807,James,19,71.86,B
3808,Nina,25,84.7,D
3809,James,20,67.89,C
3810,David,21,62.27,F
3811,Tom,22,83.32,D
3812,Mike,20,54.65,F
3813,Tom,18,90.04,B
3814,Alice,19,50.39,A
3815,Rachel,18,75.63,A
3816,Sara,18,98.56,C
3817,Sara,18,83.2,B
3818,James,24,73.77,D
3819,Emma,21,92.16,D
3820,John,21,54.41,D
3821,Emma,22,57.4,A
3822,Tom,18,57.03,B
3823,James,18,50.49,A
3824,Nina,20,65.3,A
3825,Alice,22,85.26,B
3826,Emma,19,93.49,C
3827,James,24,58.22,F
3828,David,18,75.7,C
3829,James,19,59.97,F
3830,David,20,65.77,D
3831,John,20,89.0,B
3832,John,19,60.6,D
3833,John,20,85.43,A
3834,Emma,20,51.64,B
3835,Rachel,22,88.28,B
3836,David,22,66.41,A
3837,Rachel,22,59.87,A
3838,Emma,19,85.88,C
3839,Emma,22,51.59,A
3840,Nina,20,65.88,A
3841,John,21,98.39,A
3842,Sara,22,95.22,F
3843,John,18,89.14,C
3844,David,25,56.9,C
3845,Alice,22,56.78,B
3846,Mike,24,79.44,B
3847,Nina,22,66.63,F
3848,Mike,24,55.12,D
3849,Sara,18,63.26,B
3850,Alice,24,88.7,B
3851,Nina,18,59.79,C
3852,Emma,21,72.17,C
3853,Emma,23,65.92,F
3854,Tom,19,67.01,B
3855,Sara,18,50.76,C
3856,Rachel,25,98.11,D
3857,Nina,22,74.3,D
3858,Mike,19,98.12,B
3859,Rachel,24,76.96,B
3860,James,24,94.9,B
3861,Emma,22,58.4,F
3862,Mike,23,76.88,F
3863,James,19,55.26,C
3864,Rachel,22,53.36,B
3865,Alice,25,66.24,A
3866,Rachel,23,81.54,A
3867,Rachel,21,99.27,C
3868,John,24,86.11,A
3869,Rachel,18,78.15,F
3870,Tom,20,57.07,C
3871,David,21,69.28,B
3872,James,18,78.46,C
3873,James,20,98.46,B
3874,Nina,23,72.35,C
3875,Alice,20,70.15,B
3876,James,19,56.36,A
3877,Rachel,20,78.79,D
3878,Tom,23,61.47,F
3879,Alice,18,71.61,F
3880,James,21,75.71,C
3881,Tom,24,71.77,D
3882,Alice,20,69.57,C
3883,James,23,79.98,A
3884,Rachel,19,88.81,D
3885,Mike,22,69.96,A
3886,Alice,21,69.18,C
3887,Alice,25,63.52,F
3888,Emma,20,66.07,C
3889,Mike,21,55.15,F
3890,David,22,96.95,F
3891,James,24,88.04,C
3892,Mike,21,52.34,C
3893,James,20,57.22,F
3894,Mike,25,89.76,B
3895,Nina,25,63.48,B
3896,Sara,25,70.28,C
3897,Rachel,19,56.85,B
3898,Rachel,25,65.71,B
3899,James,23,73.73,D
3900,Tom,21,79.91,F
3901,Emma,24,51.63,B
3902,David,19,67.18,C
3903,Rachel,20,90.06,F
3904,Alice,21,54.24,A
3905,Nina,24,78.62,A
3906,Nina,24,70.52,F
3907,Tom,22,59.64,A
3908,Mike,22,54.86,A
3909,Alice,21,76.06,F
3910,Mike,25,94.17,F
3911,Alice,22,58.44,C
3912,Rachel,25,90.25,C
3913,Emma,22,58.95,A
3914,David,22,80.93,D
3915,Sara,21,53.47,B
3916,Sara,21,99.94,B
3917,Emma,18,62.49,B
3918,Rachel,20,78.99,F
3919,Sara,18,80.18,B
3920,David,25,63.97,D
3921,Nina,22,57.28,A
3922,Nina,24,84.5,A
3923,Nina,24,77.45,B
3924,Emma,20,91.77,D
3925,James,22,78.69,D
3926,James,22,83.49,B
3927,Sara,25,68.53,B
3928,David,24,85.94,F
3929,Tom,20,59.64,B
3930,David,21,94.07,D
3931,Alice,18,58.79,C
3932,Emma,24,80.8,D
3933,Mike,20,62.67,F
3934,Alice,18,52.48,A
3935,Alice,21,85.52,D
3936,Sara,19,96.02,D
3937,Rachel,22,96.72,F
3938,David,20,51.02,C
3939,Alice,23,99.91,F
3940,Mike,24,56.53,A
3941,James,25,78.33,D
3942,John,22,65.05,F
3943,John,24,88.92,B
3944,Rachel,24,93.02,C
3945,Sara,25,90.05,D
3946,Alice,22,90.4,A
3947,Tom,21,64.4,C
3948,James,18,78.24,B
3949,Mike,23,98.41,F
3950,Rachel,19,78.14,F
3951,David,25,75.46,B
3952,John,23,94.44,F
3953,Rachel,22,69.88,B
3954,Emma,18,92.6,A
3955,Alice,22,77.91,F
3956,Nina,22,87.86,F
3957,John,21,81.45,F
3958,David,23,92.85,F
3959,Rachel,18,77.97,D
3960,Mike,19,56.44,C
3961,Tom,24,83.94,D
3962,Mike,20,51.01,B
3963,Nina,22,69.16,C
3964,Sara,18,60.76,B
3965,Emma,18,60.26,B
3966,Rachel,18,65.18,C
3967,Alice,23,77.7,B
3968,Mike,20,83.6,C
3969,John,21,70.01,B
3970,John,25,55.63,B
3971,Mike,18,97.43,F
3972,James,24,87.64,F
3973,James,25,69.4,D
3974,Rachel,24,95.86,F
3975,Alice,22,52.31,D
3976,John,19,74.14,A
3977,John,18,85.36,D
3978,John,20,78.77,B
3979,Rachel,21,56.45,B
3980,Sara,19,96.92,D
3981,Alice,22,77.94,D
3982,Tom,19,83.93,B
3983,Nina,20,99.28,B
3984,Alice,19,59.96,F
3985,Nina,25,98.99,D
3986,David,19,93.63,B
3987,Tom,18,98.42,B
3988,David,25,75.74,F
3989,David,25,75.45,D
3990,Mike,20,82.12,B
3991,Sara,21,63.83,D
3992,John,24,88.84,D
3993,Nina,22,95.8,F
3994,Mike,23,79.31,A
3995,Nina,21,90.67,B
3996,James,25,70.93,F
3997,Nina,22,57.61,A
3998,Tom,21,67.18,B
3999,Rachel,23,98.91,D
4000,Mike,24,96.75,C
4001,Emma,21,82.95,B
4002,Tom,21,56.99,C
4003,John,18,73.65,F
4004,Sara,18,50.99,B
4005,John,22,71.57,A
4006,Emma,23,53.46,F
4007,John,20,70.57,D
4008,James,23,94.13,F
4009,Emma,18,88.31,C
4010,Rachel,18,96.2,A
4011,Emma,19,91.69,F
4012,Rachel,25,56.64,A
4013,Tom,19,80.57,B
4014,Nina,22,67.05,C
4015,Sara,23,61.72,B
4016,Sara,24,74.9,C
4017,Mike,25,85.99,D
4018,Alice,19,99.44,B
4019,Nina,21,89.68,F
4020,David,18,57.81,A
4021,Rachel,18,75.25,A
4022,David,20,60.62,A
4023,Emma,19,96.19,B
4024,Alice,24,60.57,F
4025,Nina,21,98.51,D
4026,Tom,22,81.14,B
4027,Nina,18,59.53,A
4028,Tom,18,78.19,C
4029,Nina,20,66.73,A
4030,Mike,21,52.02,D
4031,Mike,22,58.69,B
4032,Emma,24,77.63,A
4033,John,25,73.14,C
4034,Rachel,22,58.05,D
4035,Mike,21,59.89,A
4036,Nina,19,57.79,D
4037,Emma,25,61.61,A
4038,Sara,24,74.14,F
4039,Emma,24,99.21,D
4040,Rachel,19,75.8,D
4041,Sara,18,81.7,F
4042,James,21,66.06,B
4043,Emma,18,53.64,F
4044,Alice,20,81.88,F
4045,Alice,25,51.21,A
4046,Nina,20,96.47,A
4047,Tom,25,89.29,D
4048,Sara,24,80.36,A
4049,Alice,22,70.11,F
4050,Emma,22,66.75,F
4051,Tom,20,82.05,D
4052,Nina,25,95.27,D
4053,Tom,19,62.15,C
4054,Sara,18,93.06,D
4055,David,21,87.22,A
4056,David,19,52.04,D
4057,Nina,18,81.16,D
4058,Tom,25,72.56,C
4059,David,19,88.16,F
4060,Alice,21,79.99,D
4061,John,20,76.27,A
4062,John,24,82.78,F
4063,Alice,25,85.62,A
4064,Nina,24,54.12,B
4065,Nina,18,92.97,A
4066,James,22,54.53,A
4067,Mike,18,97.56,C
4068,Sara,25,86.5,C
4069,David,21,85.07,A
4070,Rachel,20,73.92,A
4071,Alice,20,64.78,A
4072,Nina,18,70.15,C
4073,Emma,25,72.78,A
4074,Alice,20,58.26,D
4075,Tom,20,78.55,C
4076,John,18,70.94,D
4077,Alice,23,59.05,F
4078,Tom,20,63.15,A
4079,Sara,22,59.91,D
4080,John,22,85.82,C
4081,Rachel,19,50.34,D
4082,James,22,79.56,F
4083,James,18,88.39,A
4084,Mike,18,51.93,B
4085,Alice,18,69.21,D
4086,John,23,75.31,C
4087,Alice,20,94.08,D
4088,Alice,21,94.57,C
4089,Tom,20,91.85,C
4090,Tom,18,96.92,C
4091,Tom,23,95.41,D
4092,Rachel,25,95.6,B
4093,Nina,24,68.73,A
4094,David,25,90.94,A
4095,David,23,68.87,D
4096,Emma,18,91.37,D
4097,Sara,24,84.31,B
4098,Sara,23,95.49,B
4099,Rachel,21,56.04,A
4100,James,20,56.73,D
4101,Mike,19,79.36,B
4102,Sara,22,84.92,A
4103,Sara,23,75.89,D
4104,David,24,63.66,B
4105,Nina,20,85.61,A
4106,Rachel,25,54.0,C
4107,Rachel,21,56.79,A
4108,Alice,24,62.09,A
4109,James,24,90.68,C
4110,Sara,25,80.31,C
4111,Alice,19,92.45,F
4112,Tom,20,87.93,F
4113,Mike,20,90.48,B
4114,Alice,22,73.98,F
4115,John,19,69.64,F
4116,Rachel,20,54.94,C
4117,Alice,21,76.95,B
4118,Alice,25,99.15,D
4119,Sara,21,64.08,C
4120,Emma,23,92.37,F
4121,Rachel,18,90.67,B
4122,Alice,19,63.97,D
4123,Tom,20,74.69,B
4124,John,24,66.36,B
4125,Mike,19,59.53,D
4126,Tom,18,62.45,B
4127,Emma,25,56.06,D
4128,David,19,92.2,B
4129,James,25,53.02,B
4130,Mike,22,56.61,D
4131,Mike,18,90.06,A
4132,Emma,25,88.75,F
4133,Tom,23,69.7,C
4134,James,20,85.09,F
4135,Sara,22,86.21,D
4136,James,20,71.77,D
4137,Rachel,18,74.89,A
4138,David,24,82.81,B
4139,Tom,21,61.22,F
4140,Emma,21,65.53,D
4141,Tom,19,63.54,C
4142,James,24,70.49,D
4143,Tom,24,77.0,F
4144,David,21,62.12,B
4145,James,25,92.26,A
4146,Mike,22,51.24,F
4147,Sara,20,80.9,B
4148,John,24,66.34,B
4149,Rachel,20,78.11,F
4150,Alice,18,72.21,C
4151,Emma,20,98.23,A
4152,James,22,59.97,F
4153,Sara,24,85.89,A
4154,Mike,20,81.41,C
4155,Mike,24,95.96,C
4156,David,21,91.3,B
4157,Rachel,19,88.46,F
4158,Tom,19,65.42,C
4159,Tom,23,56.89,A
4160,Emma,20,96.93,D
4161,Tom,23,75.43,A
4162,John,23,59.11,F
4163,Rachel,25,65.36,C
4164,John,24,64.51,C
4165,Mike,19,89.0,A
4166,David,23,65.61,F
4167,James,19,73.02,B
4168,David,22,82.44,F
4169,John,22,92.15,C
4170,Nina,21,90.42,F
4171,Sara,18,73.75,B
4172,David,21,96.87,A
4173,Sara,22,63.57,F
4174,Alice,20,73.29,D
4175,John,21,59.61,F
4176,Alice,20,56.54,F
4177,Nina,20,67.76,D
4178,Emma,19,86.74,F
4179,James,24,53.69,F
4180,David,19,89.27,D
4181,Sara,23,97.6,C
4182,Tom,20,74.97,F
4183,James,24,99.73,F
4184,Sara,20,63.36,A
4185,Alice,21,85.76,B
4186,Emma,20,87.53,F
4187,James,25,89.78,C
4188,Emma,22,90.94,C
4189,Tom,22,96.6,F
4190,Alice,22,98.42,D
4191,Tom,18,83.98,A
4192,James,23,91.69,A
4193,Sara,21,65.48,A
4194,John,21,96.47,C
4195,Sara,24,78.77,A
4196,James,20,75.72,B
4197,James,21,80.33,B
4198,David,20,80.48,D
4199,David,23,59.44,D
4200,Mike,18,52.58,A
4201,Emma,21,64.09,F
4202,Mike,20,54.34,D
4203,Nina,21,67.52,F
4204,Tom,24,94.44,B
4205,Nina,23,64.22,A
4206,Nina,22,57.05,A
4207,James,22,50.06,F
4208,David,24,76.72,C
4209,Tom,25,92.36,F
4210,Nina,25,97.52,A
4211,Tom,19,83.11,C
4212,Alice,18,53.53,B
4213,Alice,23,74.7,A
4214,Emma,21,83.23,A
4215,James,23,78.84,F
4216,David,23,88.85,D
4217,David,22,56.86,A
4218,Mike,21,77.69,C
4219,Emma,23,65.71,F
4220,Mike,21,64.78,D
4221,John,21,74.27,A
4222,Tom,24,92.43,A
4223,Alice,20,92.4,D
4224,Tom,20,51.26,A
4225,Sara,19,55.38,D
4226,Rachel,22,71.88,D
4227,Rachel,20,69.67,D
4228,Sara,21,64.33,A
4229,Nina,25,80.7,C
4230,Alice,21,82.88,C
4231,David,25,89.8,A
4232,Alice,24,73.15,D
4233,Emma,22,57.03,D
4234,Nina,25,66.15,C
4235,Sara,19,82.36,F
4236,Nina,20,64.9,B
4237,Rachel,22,93.3,C
4238,Tom,19,54.68,C
4239,David,24,51.6,A
4240,Tom,21,79.7,B
4241,Alice,21,85.83,F
4242,John,23,77.0,C
4243,David,23,86.79,C
4244,Alice,25,59.08,F
4245,Tom,24,79.59,A
4246,David,22,91.91,B
4247,Nina,25,95.4,A
4248,David,18,91.22,C
4249,James,23,80.11,C
4250,David,23,86.64,B
4251,Emma,18,65.41,A
4252,Sara,19,65.9,C
4253,Alice,23,90.34,A
4254,Nina,25,64.75,A
4255,Alice,19,68.13,A
4256,Mike,23,82.8,D
4257,David,23,53.98,F
4258,Emma,20,77.59,A
4259,Alice,21,91.78,A
4260,Nina,21,89.16,C
4261,Tom,22,90.97,A
4262,Mike,19,50.14,B
4263,David,22,70.57,F
4264,John,18,65.95,F
4265,Alice,25,73.52,F
4266,John,22,58.05,C
4267,Emma,24,93.9,F
4268,Rachel,19,69.74,D
4269,David,24,58.49,A
4270,James,22,83.6,A
4271,James,22,75.85,C
4272,James,25,89.99,D
4273,Tom,22,61.33,F
4274,Alice,23,50.26,D
4275,Emma,25,79.87,D
4276,Rachel,23,69.36,A
4277,Emma,23,94.17,B
4278,Alice,21,86.46,C
4279,Mike,18,91.61,F
4280,Nina,20,99.1,C
4281,Nina,19,79.23,A
4282,Emma,19,72.6,B
4283,Sara,25,60.93,D
4284,Alice,19,82.47,D
4285,Rachel,20,76.11,F
4286,Emma,20,80.06,D
4287,John,20,87.7,C
4288,Rachel,18,54.83,C
4289,David,22,55.48,D
4290,Nina,20,56.47,B
4291,Mike,24,69.24,A
4292,Mike,25,56.75,C
4293,James,19,63.43,D
4294,Mike,18,82.36,D
4295,Sara,21,55.79,A
4296,Nina,21,50.86,C
4297,Rachel,25,93.02,C
4298,Mike,22,54.61,A
4299,Rachel,25,95.28,D
4300,Nina,21,97.2,D
4301,Sara,25,93.03,B
4302,Tom,21,82.18,D
4303,Sara,21,70.72,F
4304,John,21,87.98,B
4305,James,24,81.8,B
4306,David,22,60.76,F
4307,Sara,23,70.84,A
4308,Rachel,19,74.43,C
4309,James,25,59.92,A
4310,Sara,19,62.99,B
4311,Tom,19,59.3,C
4312,Rachel,19,60.12,D
4313,Rachel,21,70.3,D
4314,Rachel,18,60.92,C
4315,Mike,22,66.85,F
4316,David,22,89.64,C
4317,John,18,76.89,C
4318,Sara,25,61.4,F
4319,David,24,64.63,A
4320,Nina,23,80.93,C
4321,Tom,20,79.02,F
4322,John,24,76.63,D
4323,Nina,20,67.33,F
4324,John,22,53.93,C
4325,Nina,21,74.66,C
4326,Sara,21,79.47,F
4327,Tom,25,96.75,C
4328,James,23,89.47,C
4329,Nina,24,58.25,A
4330,Sara,18,57.11,B
4331,Alice,25,63.3,B
4332,Alice,23,62.82,F
4333,Tom,24,88.37,D
4334,Alice,19,61.06,C
4335,Alice,23,99.23,F
4336,Mike,21,87.25,D
4337,David,20,87.4,D
4338,David,22,89.04,C
4339,Mike,23,53.99,A
4340,Emma,25,63.6,D
4341,Alice,23,75.57,A
4342,Rachel,21,85.07,B
4343,David,20,54.66,F
4344,David,21,52.79,F
4345,Sara,19,54.41,A
4346,John,18,71.47,B
4347,Tom,21,90.88,A
4348,Alice,22,96.48,B
4349,Sara,20,66.9,F
4350,Emma,18,55.15,D
4351,Emma,19,67.23,D
4352,Mike,21,59.85,D
4353,James,21,97.64,D
4354,Rachel,23,95.39,C
4355,John,20,68.11,A
4356,Sara,25,58.55,D
4357,Sara,24,56.84,B
4358,Alice,23,90.62,B
4359,Sara,24,54.5,F
4360,Tom,23,95.17,A
4361,John,21,77.71,D
4362,Emma,24,62.71,B
4363,Sara,23,96.44,C
4364,Alice,20,87.01,F
4365,Sara,20,73.14,D
4366,John,21,64.29,D
4367,Emma,19,67.9,D
4368,Tom,18,61.95,C
4369,Tom,20,51.75,D
4370,Rachel,24,89.94,F
4371,Alice,19,62.05,B
4372,Rachel,21,55.66,A
4373,Tom,24,69.68,A
4374,Rachel,18,58.6,B
4375,Emma,23,56.05,B
4376,Rachel,22,75.52,B
4377,James,23,63.73,A
4378,Tom,25,53.3,F
4379,John,23,93.36,C
4380,Tom,18,61.96,C
4381,John,25,63.17,A
4382,Tom,20,66.61,A
4383,Sara,22,54.75,A
4384,Emma,22,97.45,D
4385,Emma,21,87.61,D
4386,David,22,89.9,A
4387,Nina,24,91.07,D
4388,Alice,21,66.07,F
4389,Emma,20,51.34,C
4390,Rachel,20,67.67,A
4391,David,20,50.13,D
4392,David,23,62.15,C
4393,Emma,22,81.3,F
4394,Emma,22,61.08,B
4395,Tom,21,85.78,A
4396,John,19,66.94,A
4397,Sara,24,66.78,D
4398,Emma,20,64.99,F
4399,Sara,22,96.98,A
4400,Emma,18,67.0,A
4401,Tom,18,75.73,B
4402,John,25,72.33,C
4403,Mike,24,74.17,A
4404,Sara,23,58.9,B
4405,Emma,23,61.78,A
4406,Alice,21,58.31,A
4407,Alice,20,73.99,B
4408,Nina,20,54.49,F
4409,Alice,25,95.82,C
4410,Alice,24,59.06,D
4411,Sara,23,93.48,C
4412,Alice,21,82.23,F
4413,Sara,19,71.41,B
4414,John,20,72.84,F
4415,Alice,24,85.66,D
4416,David,24,76.6,D
4417,Mike,24,65.2,D
4418,Tom,19,99.47,C
4419,Rachel,25,55.68,F
4420,Sara,21,83.23,B
4421,Sara,19,51.25,B
4422,James,22,54.73,A
4423,Tom,18,85.65,F
4424,Tom,19,71.43,A
4425,John,22,68.43,B
4426,Nina,25,90.66,A
4427,Nina,19,85.1,D
4428,Emma,22,86.3,B
4429,Tom,18,89.0,C
4430,Tom,19,77.11,C
4431,John,18,72.99,D
4432,David,22,71.74,A
4433,Alice,18,97.72,A
4434,Rachel,25,61.21,C
4435,Sara,19,98.12,A
4436,Tom,19,51.16,C
4437,James,25,60.34,F
4438,Nina,21,98.99,A
4439,Sara,19,56.88,B
4440,Emma,18,65.5,D
4441,John,19,96.99,A
4442,Alice,23,88.53,A
4443,Rachel,21,69.53,F
4444,Nina,23,86.76,D
4445,John,24,67.75,D
4446,Mike,23,54.79,C
4447,Alice,23,60.55,F
4448,Alice,21,94.97,C
4449,Alice,20,64.9,C
4450,James,22,82.18,B
4451,David,20,50.01,A
4452,Nina,20,59.79,D
4453,Tom,22,51.81,C
4454,Tom,22,59.65,C
4455,John,23,65.38,A
4456,Nina,25,78.91,A
4457,Alice,18,97.16,B
4458,John,22,51.6,C
4459,Alice,22,55.95,D
4460,Emma,20,57.56,C
4461,Alice,21,58.56,A
4462,Nina,21,52.23,F
4463,Emma,23,60.69,D
4464,Sara,21,91.89,F
4465,John,25,73.11,C
4466,Mike,24,93.22,F
4467,David,23,51.37,F
4468,Mike,24,94.44,C
4469,Rachel,19,70.09,A
4470,Mike,23,51.99,D
4471,Alice,20,72.6,A
4472,John,25,56.0,C
4473,Mike,25,77.25,F
4474,David,21,72.46,B
4475,Alice,25,58.77,C
4476,Sara,22,97.2,C
4477,David,24,89.58,B
4478,Tom,24,78.55,B
4479,Nina,24,91.52,C
4480,Emma,21,70.92,D
4481,David,25,78.55,F
4482,Sara,20,94.83,F
4483,David,23,63.75,C
4484,Tom,19,50.18,C
4485,John,18,57.58,A
4486,Nina,20,95.04,A
4487,Mike,19,56.33,C
4488,Rachel,19,95.59,B
4489,James,25,54.4,C
4490,Sara,19,94.8,D
4491,Emma,20,60.71,B
4492,David,19,82.35,C
4493,Alice,25,79.14,C
4494,John,18,64.28,A
4495,John,23,60.78,F
4496,Alice,20,94.52,C
4497,Rachel,21,58.66,A
4498,Rachel,19,56.61,F
4499,Mike,25,86.69,F
4500,James,23,51.57,A
4501,Sara,20,63.29,F
4502,David,24,94.8,A
4503,Emma,20,56.74,C
4504,Sara,24,75.54,C
4505,Alice,25,87.56,F
4506,Alice,18,79.34,B
4507,Emma,21,51.27,F
4508,Rachel,24,66.17,F
4509,James,22,62.74,B
4510,James,22,77.86,A
4511,Rachel,22,89.93,C
4512,Rachel,24,79.19,A
4513,Nina,25,91.56,D
4514,David,18,88.71,A
4515,Emma,19,82.41,F
4516,John,18,80.96,B
4517,Tom,21,69.32,C
4518,Rachel,18,84.51,F
4519,Emma,25,86.16,B
4520,Tom,19,57.55,C
4521,Alice,18,72.76,F
4522,Sara,19,80.44,B
4523,David,20,55.92,D
4524,James,23,53.83,B
4525,David,22,92.6,F
4526,Alice,18,99.29,F
4527,John,19,57.38,A
4528,Alice,25,78.25,A
4529,James,18,66.13,B
4530,Sara,22,92.35,F
4531,Mike,22,82.4,A
4532,Nina,24,96.23,C
4533,Nina,24,73.84,C
4534,Mike,24,79.15,C
4535,Emma,22,58.74,C
4536,Alice,24,53.09,D
4537,Emma,25,51.16,C
4538,Rachel,23,88.31,F
4539,Rachel,18,70.81,A
4540,James,23,79.03,B
4541,Tom,21,66.56,C
4542,Tom,21,93.54,B
4543,Alice,20,88.99,F
4544,David,21,91.05,D
4545,Sara,24,68.76,B
4546,Sara,25,92.16,C
4547,James,21,58.15,C
4548,Emma,20,91.47,D
4549,David,18,91.99,C
4550,Tom,25,54.9,F
4551,Nina,22,64.31,D
4552,Emma,22,76.72,C
4553,Emma,18,93.92,F
4554,David,23,52.09,B
4555,Tom,18,61.66,F
4556,Sara,21,77.62,C
4557,Rachel,22,74.89,F
4558,Mike,18,75.21,F
4559,Nina,18,63.39,D
4560,Rachel,23,89.04,F
4561,James,21,66.63,F
4562,Rachel,19,76.84,F
4563,Mike,23,99.88,A
4564,Alice,20,70.17,F
4565,Mike,22,92.6,F
4566,Tom,19,87.2,A
4567,David,22,93.14,C
4568,David,23,77.04,D
4569,Alice,20,52.89,B
4570,Sara,25,74.81,D
4571,James,23,62.18,F
4572,David,23,90.2,C
4573,John,23,50.27,B
4574,Nina,24,50.38,A
4575,Sara,24,72.15,A
4576,Nina,19,76.74,C
4577,John,20,50.46,B
4578,Tom,22,91.54,A
4579,Mike,25,86.05,B
4580,Tom,21,68.09,A
4581,Tom,24,84.48,B
4582,Alice,21,68.37,D
4583,John,21,79.24,B
4584,Alice,25,72.72,C
4585,Alice,20,50.17,B
4586,Alice,19,52.46,D
4587,John,25,97.99,F
4588,Tom,25,69.08,C
4589,Emma,24,97.39,B
4590,Tom,19,78.43,A
4591,Mike,24,69.08,D
4592,David,24,56.16,C
4593,Sara,19,57.64,F
4594,Rachel,18,70.31,F
4595,Tom,22,60.64,D
4596,John,21,88.18,C
4597,David,20,72.4,C
4598,Rachel,21,87.31,B
4599,Tom,25,76.63,B
4600,Rachel,25,75.83,B
4601,Mike,23,89.89,D
4602,Alice,23,80.81,D
4603,Rachel,22,76.35,B
4604,James,25,65.95,A
4605,Rachel,18,61.85,A
4606,Mike,22,99.52,B
4607,James,23,75.7,B
4608,Alice,21,85.78,A
4609,John,21,63.4,C
4610,Tom,20,59.38,A
4611,John,24,94.79,A
4612,Mike,22,97.54,C
4613,James,22,83.31,F
4614,Emma,24,69.12,C
4615,Rachel,22,89.49,A
4616,Emma,18,68.85,A
4617,Alice,19,70.13,D
4618,Tom,24,89.75,F
4619,James,21,72.49,A
4620,Emma,23,73.3,D
4621,Tom,19,53.78,D
4622,John,21,84.99,D
4623,Mike,21,66.59,C
4624,Alice,23,64.95,D
4625,Tom,24,65.79,B
4626,Emma,25,81.17,D
4627,Rachel,21,67.03,A
4628,Mike,21,77.88,F
4629,John,21,69.85,A
4630,Sara,23,51.32,C
4631,David,18,55.38,F
4632,Sara,18,75.09,B
4633,Tom,22,55.9,B
4634,John,20,61.88,D
4635,John,20,54.99,D
4636,Alice,22,94.34,D
4637,Nina,24,96.28,B
4638,Tom,21,87.77,C
4639,Rachel,23,61.26,D
4640,Sara,25,65.23,D
4641,Nina,22,96.68,A
4642,Sara,19,81.24,C
4643,John,25,81.67,F
4644,Tom,25,50.05,C
4645,James,22,63.75,C
4646,Alice,22,64.88,D
4647,David,21,77.94,D
4648,David,18,91.16,F
4649,Tom,23,75.41,C
4650,Sara,23,98.08,D
4651,James,20,95.29,D
4652,Emma,22,97.76,C
4653,Nina,25,52.41,C
4654,David,21,88.94,B
4655,David,25,84.28,A
4656,David,19,81.9,D
4657,Nina,18,65.33,A
4658,David,22,83.02,C
4659,James,25,70.02,A
4660,Nina,25,97.76,F
4661,Emma,23,60.03,B
4662,Nina,23,75.91,B
4663,Alice,24,65.55,A
4664,Sara,20,84.18,F
4665,James,20,98.42,B
4666,Sara,18,69.67,A
4667,Tom,22,99.84,C
4668,John,19,65.42,B
4669,Nina,25,55.76,B
4670,Emma,21,78.75,F
4671,Rachel,25,61.69,A
4672,John,19,85.04,A
4673,Mike,20,65.55,B
4674,Tom,19,63.91,B
4675,Sara,20,74.32,F
4676,James,23,80.64,A
4677,David,24,80.88,C
4678,Mike,25,90.37,A
4679,David,18,82.65,D
4680,Mike,23,70.25,F
4681,Tom,24,67.13,D
4682,David,22,63.15,D
4683,Mike,18,74.29,B
4684,John,25,88.38,D
4685,James,24,50.97,F
4686,David,21,82.4,B
4687,Sara,19,51.32,D
4688,John,21,81.64,B
4689,James,21,95.39,C
4690,Emma,24,62.46,A
4691,Tom,22,96.95,F
4692,Sara,21,61.24,B
4693,Alice,25,79.87,D
4694,Sara,22,58.08,C
4695,Nina,21,67.49,C
4696,John,24,64.73,B
4697,Sara,25,91.5,F
4698,David,18,60.29,F
4699,Tom,22,58.03,F
4700,Rachel,23,82.97,A
4701,Rachel,20,73.14,D
4702,Rachel,23,89.93,D
4703,Nina,25,57.63,B
4704,John,21,56.51,A
4705,James,22,83.11,F
4706,Tom,24,59.69,B
4707,Sara,18,54.49,B
4708,Alice,19,76.7,A
4709,David,24,91.48,C
4710,Sara,22,67.47,A
4711,James,23,68.69,D
4712,Rachel,25,92.06,C
4713,Sara,23,82.12,B
4714,Sara,24,54.15,D
4715,Mike,25,78.12,C
4716,Tom,20,83.09,C
4717,Rachel,22,88.33,D
4718,David,18,85.99,F
4719,Rachel,19,52.39,B
4720,Sara,24,68.66,C
4721,Sara,18,63.19,A
4722,Nina,22,80.21,A
4723,Tom,21,53.84,D
4724,David,24,80.15,F
4725,Sara,18,91.73,C
4726,Nina,22,65.31,D
4727,David,21,80.51,F
4728,Mike,18,73.94,B
4729,Rachel,24,67.05,B
4730,Nina,20,94.07,C
4731,Mike,18,69.87,A
4732,Alice,22,92.93,F
4733,Emma,23,62.44,C
4734,James,19,56.0,C
4735,Emma,21,98.19,B
4736,Nina,22,71.96,F
4737,James,21,53.45,B
4738,Alice,18,68.69,B
4739,Alice,19,92.16,A
4740,Emma,21,86.31,C
4741,John,21,61.55,F
4742,Rachel,21,80.9,D
4743,Emma,22,72.2,F
4744,Alice,19,70.63,D
4745,James,20,97.89,D
4746,John,25,99.02,F
4747,Sara,18,89.72,D
4748,Emma,23,51.74,F
4749,Mike,24,92.76,C
4750,Nina,24,57.62,A
4751,David,23,78.16,B
4752,Tom,23,58.67,F
4753,Mike,25,91.51,C
4754,Alice,21,66.58,A
4755,Tom,24,62.39,A
4756,John,20,79.39,D
4757,Alice,19,58.48,F
4758,Mike,24,91.89,F
4759,Sara,21,58.04,A
4760,Nina,19,50.32,B
4761,David,20,99.44,F
4762,Sara,18,65.87,F
4763,Rachel,25,76.87,F
4764,Mike,23,88.73,C
4765,David,25,80.51,C
4766,James,20,70.19,F
4767,John,19,57.18,F
4768,Tom,23,94.05,F
4769,John,19,91.71,F
4770,John,20,53.91,B
4771,David,24,63.01,C
4772,Nina,25,51.35,A
4773,John,18,64.94,D
4774,Emma,24,60.65,C
4775,Alice,19,90.25,F
4776,Nina,22,72.87,B
4777,Sara,23,82.5,F
4778,Alice,21,66.21,B
4779,John,19,65.87,D
4780,Emma,18,93.08,D
4781,John,21,95.64,B
4782,Sara,22,91.02,B
4783,Mike,20,69.42,D
4784,Mike,24,89.11,C
4785,Sara,25,59.77,F
4786,Emma,25,56.64,B
4787,Alice,19,68.57,B
4788,Sara,21,53.48,C
4789,John,19,67.78,D
4790,Mike,23,76.46,F
4791,Emma,18,85.21,C
4792,Nina,21,64.32,B
4793,Emma,18,97.21,C
4794,Rachel,21,87.63,C
4795,Nina,20,99.05,C
4796,Tom,21,54.24,A
4797,James,21,86.28,A
4798,Sara,18,84.53,A
4799,Mike,24,85.7,D
4800,Emma,22,94.13,A
4801,Alice,22,89.84,B
4802,Emma,19,92.44,B
4803,Mike,23,80.15,B
4804,James,20,83.2,D
4805,Mike,23,69.14,C
4806,Nina,22,57.79,D
4807,Emma,22,79.08,C
4808,David,20,70.17,B
4809,Alice,18,66.1,C
4810,Alice,18,88.65,F
4811,Tom,25,99.07,F
4812,Tom,21,56.61,C
4813,Emma,23,97.62,F
4814,Tom,24,94.38,C
4815,David,19,57.79,F
4816,Tom,22,55.45,F
4817,Alice,24,85.79,F
4818,Alice,25,72.8,F
4819,David,20,65.1,C
4820,David,25,79.09,D
4821,Alice,24,61.94,F
4822,James,25,94.86,F
4823,Rachel,25,73.47,F
4824,Nina,18,54.63,D
4825,John,21,58.42,F
4826,Tom,20,74.48,D
4827,Tom,18,99.19,A
4828,Emma,19,91.62,C
4829,Tom,24,83.58,C
4830,Nina,19,53.09,A
4831,Rachel,24,62.53,D
4832,Emma,19,91.62,C
4833,David,21,77.0,D
4834,John,18,72.18,A
4835,James,18,84.55,C
4836,Sara,19,84.85,B
4837,Emma,18,84.67,D
4838,Mike,23,87.22,A
4839,Nina,25,66.32,C
4840,Rachel,21,64.45,C
4841,Rachel,19,70.39,A
4842,David,24,68.23,F
4843,John,25,92.15,F
4844,John,19,96.53,B
4845,Nina,25,51.79,F
4846,Nina,20,90.3,C
4847,David,19,67.09,B
4848,John,20,67.67,D
4849,Emma,19,98.36,C
4850,Nina,23,50.87,A
4851,James,22,87.16,D
4852,Tom,21,52.23,A
4853,Alice,20,65.35,B
4854,Alice,19,76.45,C
4855,Nina,22,59.8,D
4856,John,23,74.73,B
4857,Mike,22,90.46,A
4858,Alice,21,92.48,D
4859,Emma,18,91.11,A
4860,John,23,63.28,B
4861,Emma,18,68.41,F
4862,David,18,58.91,A
4863,Alice,18,82.3,A
4864,Emma,19,68.26,F
4865,Nina,18,82.12,B
4866,Emma,18,55.26,F
4867,Rachel,21,58.33,D
4868,Emma,21,60.62,C
4869,James,21,85.0,C
4870,Alice,19,72.47,F
4871,Sara,21,66.3,F
4872,Emma,24,56.36,D
4873,Mike,18,77.89,A
4874,Nina,21,72.07,A
4875,John,19,59.17,F
4876,David,23,52.38,D
4877,James,20,59.37,A
4878,Nina,21,69.9,F
4879,Emma,21,79.15,A
4880,Nina,19,84.2,C
4881,Tom,21,76.62,A
4882,John,20,63.59,D
4883,James,23,53.11,B
4884,James,23,94.61,D
4885,John,21,76.61,F
4886,Emma,19,73.17,A
4887,David,24,67.88,B
4888,Mike,25,83.72,A
4889,Sara,24,81.69,C
4890,Emma,20,94.15,F
4891,Nina,25,89.72,B
4892,David,22,86.76,A
4893,Emma,22,94.24,F
4894,John,24,64.24,A
4895,John,20,75.07,C
4896,Alice,22,97.9,A
4897,David,25,66.28,B
4898,Alice,23,60.68,C
4899,David,21,72.22,C
4900,John,20,62.43,B
4901,Emma,22,65.97,F
4902,Emma,24,90.56,B
4903,Sara,23,97.29,F
4904,Nina,19,82.69,C
4905,Nina,18,95.24,A
4906,James,19,77.89,D
4907,Alice,21,67.08,D
4908,John,23,98.7,F
4909,David,22,90.87,A
4910,David,18,85.89,F
4911,Sara,22,50.45,A
4912,Nina,18,76.84,C
4913,John,22,92.27,D
4914,Alice,18,79.74,C
4915,Mike,25,79.85,F
4916,James,21,65.69,F
4917,Emma,18,86.93,C
4918,Tom,19,56.1,D
4919,Nina,23,53.09,A
4920,Rachel,25,53.11,D
4921,John,18,75.26,B
4922,Nina,23,85.78,B
4923,James,22,54.89,D
4924,Sara,19,94.7,A
4925,Sara,24,93.07,B
4926,John,19,88.67,F
4927,Emma,25,70.21,F
4928,Emma,21,54.13,F
4929,Mike,18,55.21,B
4930,Mike,24,70.77,D
4931,Mike,23,70.87,A
4932,Emma,21,76.91,F
4933,Emma,25,84.18,A
4934,Alice,25,76.5,C
4935,David,23,97.07,D
4936,Emma,22,61.93,F
4937,James,24,62.33,C
4938,Sara,20,72.27,C
4939,James,20,58.27,B
4940,Alice,19,76.43,C
4941,Emma,18,58.74,D
4942,Mike,24,78.44,A
4943,Alice,19,78.62,F
4944,David,23,64.52,F
4945,James,22,85.85,B
4946,Mike,25,72.75,F
4947,Mike,19,86.56,D
4948,James,18,89.11,B
4949,Mike,18,68.39,D
4950,Sara,23,55.94,F
4951,Mike,25,87.51,A
4952,Nina,22,79.55,C
4953,Emma,22,87.03,D
4954,Tom,18,93.2,B
4955,Emma,18,78.84,F
4956,Nina,24,68.29,F
4957,John,21,95.45,A
4958,Sara,22,62.33,F
4959,Rachel,18,74.29,F
4960,Emma,18,68.03,B
4961,Emma,25,92.12,D
4962,Rachel,22,75.36,F
4963,Emma,18,74.87,C
4964,James,18,52.75,C
4965,Nina,25,80.78,F
4966,Tom,18,50.02,A
4967,John,19,93.36,A
4968,Mike,21,66.67,F
4969,Tom,22,72.34,C
4970,Tom,19,72.38,F
4971,Rachel,25,70.62,C
4972,Mike,20,86.85,A
4973,John,23,72.22,D
4974,Tom,24,77.2,D
4975,Rachel,21,63.14,D
4976,James,18,58.26,B
4977,John,18,61.39,C
4978,John,25,56.66,A
4979,Tom,19,89.28,D
4980,John,23,82.33,A
4981,Tom,20,54.45,D
4982,Rachel,18,54.68,D
4983,James,24,98.6,A
4984,David,19,92.72,C
4985,Rachel,24,92.58,D
4986,Alice,22,77.06,B
4987,Tom,25,60.84,C
4988,Nina,21,71.32,C
4989,Tom,18,52.67,F
4990,Sara,19,82.42,B
4991,Emma,19,95.08,D
4992,James,19,62.94,A
4993,Sara,21,56.46,B
4994,Rachel,24,63.75,A
4995,John,20,65.46,C
4996,Tom,25,77.49,C
4997,Sara,22,68.63,D
4998,Mike,23,62.75,D
4999,Nina,20,94.22,A
5000,James,19,73.9,C